name,label,concept
DP02PR_0001,Estimate!!HOUSEHOLDS BY TYPE!!Total households,SELECTED SOCIAL CHARACTERISTICS IN PUERTO RICO
DP02PR_0001P,Percent!!HOUSEHOLDS BY TYPE!!Total households,SELECTED SOCIAL CHARACTERISTICS IN PUERTO RICO
DP02PR_0002,Estimate!!HOUSEHOLDS BY TYPE!!Total households!!Married-couple household,SELECTED SOCIAL CHARACTERISTICS IN PUERTO RICO
DP02PR_0002P,Percent!!HOUSEHOLDS BY TYPE!!Total households!!Married-couple household,SELECTED SOCIAL CHARACTERISTICS IN PUERTO RICO
DP02PR_0003,Estimate!!HOUSEHOLDS BY TYPE!!Total households!!Married-couple household!!With children of the householder under 18 years,SELECTED SOCIAL CHARACTERISTICS IN PUERTO RICO
DP02PR_0003P,Percent!!HOUSEHOLDS BY TYPE!!Total households!!Married-couple household!!With children of the householder under 18 years,SELECTED SOCIAL CHARACTERISTICS IN PUERTO RICO
DP02PR_0004,Estimate!!HOUSEHOLDS BY TYPE!!Total households!!Cohabiting couple household,SELECTED SOCIAL CHARACTERISTICS IN PUERTO RICO
DP02PR_0004P,Percent!!HOUSEHOLDS BY TYPE!!Total households!!Cohabiting couple household,SELECTED SOCIAL CHARACTERISTICS IN PUERTO RICO
DP02PR_0005,Estimate!!HOUSEHOLDS BY TYPE!!Total households!!Cohabiting couple household!!With children of the householder under 18 years,SELECTED SOCIAL CHARACTERISTICS IN PUERTO RICO
DP02PR_0005P,Percent!!HOUSEHOLDS BY TYPE!!Total households!!Cohabiting couple household!!With children of the householder under 18 years,SELECTED SOCIAL CHARACTERISTICS IN PUERTO RICO
DP02PR_0006,"Estimate!!HOUSEHOLDS BY TYPE!!Total households!!Male householder, no spouse/partner present",SELECTED SOCIAL CHARACTERISTICS IN PUERTO RICO
DP02PR_0006P,"Percent!!HOUSEHOLDS BY TYPE!!Total households!!Male householder, no spouse/partner present",SELECTED SOCIAL CHARACTERISTICS IN PUERTO RICO
DP02PR_0007,"Estimate!!HOUSEHOLDS BY TYPE!!Total households!!Male householder, no spouse/partner present!!With children of the householder under 18 years",SELECTED SOCIAL CHARACTERISTICS IN PUERTO RICO
DP02PR_0007P,"Percent!!HOUSEHOLDS BY TYPE!!Total households!!Male householder, no spouse/partner present!!With children of the householder under 18 years",SELECTED SOCIAL CHARACTERISTICS IN PUERTO RICO
DP02PR_0008,"Estimate!!HOUSEHOLDS BY TYPE!!Total households!!Male householder, no spouse/partner present!!Householder living alone",SELECTED SOCIAL CHARACTERISTICS IN PUERTO RICO
DP02PR_0008P,"Percent!!HOUSEHOLDS BY TYPE!!Total households!!Male householder, no spouse/partner present!!Householder living alone",SELECTED SOCIAL CHARACTERISTICS IN PUERTO RICO
DP02PR_0009,"Estimate!!HOUSEHOLDS BY TYPE!!Total households!!Male householder, no spouse/partner present!!Householder living alone!!65 years and over",SELECTED SOCIAL CHARACTERISTICS IN PUERTO RICO
DP02PR_0009P,"Percent!!HOUSEHOLDS BY TYPE!!Total households!!Male householder, no spouse/partner present!!Householder living alone!!65 years and over",SELECTED SOCIAL CHARACTERISTICS IN PUERTO RICO
DP02PR_0010,"Estimate!!HOUSEHOLDS BY TYPE!!Total households!!Female householder, no spouse/partner present",SELECTED SOCIAL CHARACTERISTICS IN PUERTO RICO
DP02PR_0010P,"Percent!!HOUSEHOLDS BY TYPE!!Total households!!Female householder, no spouse/partner present",SELECTED SOCIAL CHARACTERISTICS IN PUERTO RICO
DP02PR_0011,"Estimate!!HOUSEHOLDS BY TYPE!!Total households!!Female householder, no spouse/partner present!!With children of the householder under 18 years",SELECTED SOCIAL CHARACTERISTICS IN PUERTO RICO
DP02PR_0011P,"Percent!!HOUSEHOLDS BY TYPE!!Total households!!Female householder, no spouse/partner present!!With children of the householder under 18 years",SELECTED SOCIAL CHARACTERISTICS IN PUERTO RICO
DP02PR_0012,"Estimate!!HOUSEHOLDS BY TYPE!!Total households!!Female householder, no spouse/partner present!!Householder living alone",SELECTED SOCIAL CHARACTERISTICS IN PUERTO RICO
DP02PR_0012P,"Percent!!HOUSEHOLDS BY TYPE!!Total households!!Female householder, no spouse/partner present!!Householder living alone",SELECTED SOCIAL CHARACTERISTICS IN PUERTO RICO
DP02PR_0013,"Estimate!!HOUSEHOLDS BY TYPE!!Total households!!Female householder, no spouse/partner present!!Householder living alone!!65 years and over",SELECTED SOCIAL CHARACTERISTICS IN PUERTO RICO
DP02PR_0013P,"Percent!!HOUSEHOLDS BY TYPE!!Total households!!Female householder, no spouse/partner present!!Householder living alone!!65 years and over",SELECTED SOCIAL CHARACTERISTICS IN PUERTO RICO
DP02PR_0014,Estimate!!HOUSEHOLDS BY TYPE!!Total households!!Households with one or more people under 18 years,SELECTED SOCIAL CHARACTERISTICS IN PUERTO RICO
DP02PR_0014P,Percent!!HOUSEHOLDS BY TYPE!!Total households!!Households with one or more people under 18 years,SELECTED SOCIAL CHARACTERISTICS IN PUERTO RICO
DP02PR_0015,Estimate!!HOUSEHOLDS BY TYPE!!Total households!!Households with one or more people 65 years and over,SELECTED SOCIAL CHARACTERISTICS IN PUERTO RICO
DP02PR_0015P,Percent!!HOUSEHOLDS BY TYPE!!Total households!!Households with one or more people 65 years and over,SELECTED SOCIAL CHARACTERISTICS IN PUERTO RICO
DP02PR_0016,Estimate!!HOUSEHOLDS BY TYPE!!Total households!!Average household size,SELECTED SOCIAL CHARACTERISTICS IN PUERTO RICO
DP02PR_0016P,Percent!!HOUSEHOLDS BY TYPE!!Total households!!Average household size,SELECTED SOCIAL CHARACTERISTICS IN PUERTO RICO
DP02PR_0017,Estimate!!HOUSEHOLDS BY TYPE!!Total households!!Average family size,SELECTED SOCIAL CHARACTERISTICS IN PUERTO RICO
DP02PR_0017P,Percent!!HOUSEHOLDS BY TYPE!!Total households!!Average family size,SELECTED SOCIAL CHARACTERISTICS IN PUERTO RICO
DP02PR_0018,Estimate!!RELATIONSHIP!!Population in households,SELECTED SOCIAL CHARACTERISTICS IN PUERTO RICO
DP02PR_0018P,Percent!!RELATIONSHIP!!Population in households,SELECTED SOCIAL CHARACTERISTICS IN PUERTO RICO
DP02PR_0019,Estimate!!RELATIONSHIP!!Population in households!!Householder,SELECTED SOCIAL CHARACTERISTICS IN PUERTO RICO
DP02PR_0019P,Percent!!RELATIONSHIP!!Population in households!!Householder,SELECTED SOCIAL CHARACTERISTICS IN PUERTO RICO
DP02PR_0020,Estimate!!RELATIONSHIP!!Population in households!!Spouse,SELECTED SOCIAL CHARACTERISTICS IN PUERTO RICO
DP02PR_0020P,Percent!!RELATIONSHIP!!Population in households!!Spouse,SELECTED SOCIAL CHARACTERISTICS IN PUERTO RICO
DP02PR_0021,Estimate!!RELATIONSHIP!!Population in households!!Unmarried partner,SELECTED SOCIAL CHARACTERISTICS IN PUERTO RICO
DP02PR_0021P,Percent!!RELATIONSHIP!!Population in households!!Unmarried partner,SELECTED SOCIAL CHARACTERISTICS IN PUERTO RICO
DP02PR_0022,Estimate!!RELATIONSHIP!!Population in households!!Child,SELECTED SOCIAL CHARACTERISTICS IN PUERTO RICO
DP02PR_0022P,Percent!!RELATIONSHIP!!Population in households!!Child,SELECTED SOCIAL CHARACTERISTICS IN PUERTO RICO
DP02PR_0023,Estimate!!RELATIONSHIP!!Population in households!!Other relatives,SELECTED SOCIAL CHARACTERISTICS IN PUERTO RICO
DP02PR_0023P,Percent!!RELATIONSHIP!!Population in households!!Other relatives,SELECTED SOCIAL CHARACTERISTICS IN PUERTO RICO
DP02PR_0024,Estimate!!RELATIONSHIP!!Population in households!!Other nonrelatives,SELECTED SOCIAL CHARACTERISTICS IN PUERTO RICO
DP02PR_0024P,Percent!!RELATIONSHIP!!Population in households!!Other nonrelatives,SELECTED SOCIAL CHARACTERISTICS IN PUERTO RICO
DP02PR_0025,Estimate!!MARITAL STATUS!!Males 15 years and over,SELECTED SOCIAL CHARACTERISTICS IN PUERTO RICO
DP02PR_0025P,Percent!!MARITAL STATUS!!Males 15 years and over,SELECTED SOCIAL CHARACTERISTICS IN PUERTO RICO
DP02PR_0026,Estimate!!MARITAL STATUS!!Males 15 years and over!!Never married,SELECTED SOCIAL CHARACTERISTICS IN PUERTO RICO
DP02PR_0026P,Percent!!MARITAL STATUS!!Males 15 years and over!!Never married,SELECTED SOCIAL CHARACTERISTICS IN PUERTO RICO
DP02PR_0027,"Estimate!!MARITAL STATUS!!Males 15 years and over!!Now married, except separated",SELECTED SOCIAL CHARACTERISTICS IN PUERTO RICO
DP02PR_0027P,"Percent!!MARITAL STATUS!!Males 15 years and over!!Now married, except separated",SELECTED SOCIAL CHARACTERISTICS IN PUERTO RICO
DP02PR_0028,Estimate!!MARITAL STATUS!!Males 15 years and over!!Separated,SELECTED SOCIAL CHARACTERISTICS IN PUERTO RICO
DP02PR_0028P,Percent!!MARITAL STATUS!!Males 15 years and over!!Separated,SELECTED SOCIAL CHARACTERISTICS IN PUERTO RICO
DP02PR_0029,Estimate!!MARITAL STATUS!!Males 15 years and over!!Widowed,SELECTED SOCIAL CHARACTERISTICS IN PUERTO RICO
DP02PR_0029P,Percent!!MARITAL STATUS!!Males 15 years and over!!Widowed,SELECTED SOCIAL CHARACTERISTICS IN PUERTO RICO
DP02PR_0030,Estimate!!MARITAL STATUS!!Males 15 years and over!!Divorced,SELECTED SOCIAL CHARACTERISTICS IN PUERTO RICO
DP02PR_0030P,Percent!!MARITAL STATUS!!Males 15 years and over!!Divorced,SELECTED SOCIAL CHARACTERISTICS IN PUERTO RICO
DP02PR_0031,Estimate!!MARITAL STATUS!!Females 15 years and over,SELECTED SOCIAL CHARACTERISTICS IN PUERTO RICO
DP02PR_0031P,Percent!!MARITAL STATUS!!Females 15 years and over,SELECTED SOCIAL CHARACTERISTICS IN PUERTO RICO
DP02PR_0032,Estimate!!MARITAL STATUS!!Females 15 years and over!!Never married,SELECTED SOCIAL CHARACTERISTICS IN PUERTO RICO
DP02PR_0032P,Percent!!MARITAL STATUS!!Females 15 years and over!!Never married,SELECTED SOCIAL CHARACTERISTICS IN PUERTO RICO
DP02PR_0033,"Estimate!!MARITAL STATUS!!Females 15 years and over!!Now married, except separated",SELECTED SOCIAL CHARACTERISTICS IN PUERTO RICO
DP02PR_0033P,"Percent!!MARITAL STATUS!!Females 15 years and over!!Now married, except separated",SELECTED SOCIAL CHARACTERISTICS IN PUERTO RICO
DP02PR_0034,Estimate!!MARITAL STATUS!!Females 15 years and over!!Separated,SELECTED SOCIAL CHARACTERISTICS IN PUERTO RICO
DP02PR_0034P,Percent!!MARITAL STATUS!!Females 15 years and over!!Separated,SELECTED SOCIAL CHARACTERISTICS IN PUERTO RICO
DP02PR_0035,Estimate!!MARITAL STATUS!!Females 15 years and over!!Widowed,SELECTED SOCIAL CHARACTERISTICS IN PUERTO RICO
DP02PR_0035P,Percent!!MARITAL STATUS!!Females 15 years and over!!Widowed,SELECTED SOCIAL CHARACTERISTICS IN PUERTO RICO
DP02PR_0036,Estimate!!MARITAL STATUS!!Females 15 years and over!!Divorced,SELECTED SOCIAL CHARACTERISTICS IN PUERTO RICO
DP02PR_0036P,Percent!!MARITAL STATUS!!Females 15 years and over!!Divorced,SELECTED SOCIAL CHARACTERISTICS IN PUERTO RICO
DP02PR_0037,Estimate!!FERTILITY!!Number of women 15 to 50 years old who had a birth in the past 12 months,SELECTED SOCIAL CHARACTERISTICS IN PUERTO RICO
DP02PR_0037P,Percent!!FERTILITY!!Number of women 15 to 50 years old who had a birth in the past 12 months,SELECTED SOCIAL CHARACTERISTICS IN PUERTO RICO
DP02PR_0038,"Estimate!!FERTILITY!!Number of women 15 to 50 years old who had a birth in the past 12 months!!Unmarried women (widowed, divorced, and never married)",SELECTED SOCIAL CHARACTERISTICS IN PUERTO RICO
DP02PR_0038P,"Percent!!FERTILITY!!Number of women 15 to 50 years old who had a birth in the past 12 months!!Unmarried women (widowed, divorced, and never married)",SELECTED SOCIAL CHARACTERISTICS IN PUERTO RICO
DP02PR_0039,"Estimate!!FERTILITY!!Number of women 15 to 50 years old who had a birth in the past 12 months!!Unmarried women (widowed, divorced, and never married)!!Per 1,000 unmarried women",SELECTED SOCIAL CHARACTERISTICS IN PUERTO RICO
DP02PR_0039P,"Percent!!FERTILITY!!Number of women 15 to 50 years old who had a birth in the past 12 months!!Unmarried women (widowed, divorced, and never married)!!Per 1,000 unmarried women",SELECTED SOCIAL CHARACTERISTICS IN PUERTO RICO
DP02PR_0040,"Estimate!!FERTILITY!!Number of women 15 to 50 years old who had a birth in the past 12 months!!Per 1,000 women 15 to 50 years old",SELECTED SOCIAL CHARACTERISTICS IN PUERTO RICO
DP02PR_0040P,"Percent!!FERTILITY!!Number of women 15 to 50 years old who had a birth in the past 12 months!!Per 1,000 women 15 to 50 years old",SELECTED SOCIAL CHARACTERISTICS IN PUERTO RICO
DP02PR_0041,"Estimate!!FERTILITY!!Number of women 15 to 50 years old who had a birth in the past 12 months!!Per 1,000 women 15 to 19 years old",SELECTED SOCIAL CHARACTERISTICS IN PUERTO RICO
DP02PR_0041P,"Percent!!FERTILITY!!Number of women 15 to 50 years old who had a birth in the past 12 months!!Per 1,000 women 15 to 19 years old",SELECTED SOCIAL CHARACTERISTICS IN PUERTO RICO
DP02PR_0042,"Estimate!!FERTILITY!!Number of women 15 to 50 years old who had a birth in the past 12 months!!Per 1,000 women 20 to 34 years old",SELECTED SOCIAL CHARACTERISTICS IN PUERTO RICO
DP02PR_0042P,"Percent!!FERTILITY!!Number of women 15 to 50 years old who had a birth in the past 12 months!!Per 1,000 women 20 to 34 years old",SELECTED SOCIAL CHARACTERISTICS IN PUERTO RICO
DP02PR_0043,"Estimate!!FERTILITY!!Number of women 15 to 50 years old who had a birth in the past 12 months!!Per 1,000 women 35 to 50 years old",SELECTED SOCIAL CHARACTERISTICS IN PUERTO RICO
DP02PR_0043P,"Percent!!FERTILITY!!Number of women 15 to 50 years old who had a birth in the past 12 months!!Per 1,000 women 35 to 50 years old",SELECTED SOCIAL CHARACTERISTICS IN PUERTO RICO
DP02PR_0044,Estimate!!GRANDPARENTS!!Number of grandparents living with own grandchildren under 18 years,SELECTED SOCIAL CHARACTERISTICS IN PUERTO RICO
DP02PR_0044P,Percent!!GRANDPARENTS!!Number of grandparents living with own grandchildren under 18 years,SELECTED SOCIAL CHARACTERISTICS IN PUERTO RICO
DP02PR_0045,Estimate!!GRANDPARENTS!!Number of grandparents living with own grandchildren under 18 years!!Grandparents responsible for grandchildren,SELECTED SOCIAL CHARACTERISTICS IN PUERTO RICO
DP02PR_0045P,Percent!!GRANDPARENTS!!Number of grandparents living with own grandchildren under 18 years!!Grandparents responsible for grandchildren,SELECTED SOCIAL CHARACTERISTICS IN PUERTO RICO
DP02PR_0046,Estimate!!GRANDPARENTS!!Number of grandparents living with own grandchildren under 18 years!!Years responsible for grandchildren!!Less than 1 year,SELECTED SOCIAL CHARACTERISTICS IN PUERTO RICO
DP02PR_0046P,Percent!!GRANDPARENTS!!Number of grandparents living with own grandchildren under 18 years!!Years responsible for grandchildren!!Less than 1 year,SELECTED SOCIAL CHARACTERISTICS IN PUERTO RICO
DP02PR_0047,Estimate!!GRANDPARENTS!!Number of grandparents living with own grandchildren under 18 years!!Years responsible for grandchildren!!1 or 2 years,SELECTED SOCIAL CHARACTERISTICS IN PUERTO RICO
DP02PR_0047P,Percent!!GRANDPARENTS!!Number of grandparents living with own grandchildren under 18 years!!Years responsible for grandchildren!!1 or 2 years,SELECTED SOCIAL CHARACTERISTICS IN PUERTO RICO
DP02PR_0048,Estimate!!GRANDPARENTS!!Number of grandparents living with own grandchildren under 18 years!!Years responsible for grandchildren!!3 or 4 years,SELECTED SOCIAL CHARACTERISTICS IN PUERTO RICO
DP02PR_0048P,Percent!!GRANDPARENTS!!Number of grandparents living with own grandchildren under 18 years!!Years responsible for grandchildren!!3 or 4 years,SELECTED SOCIAL CHARACTERISTICS IN PUERTO RICO
DP02PR_0049,Estimate!!GRANDPARENTS!!Number of grandparents living with own grandchildren under 18 years!!Years responsible for grandchildren!!5 or more years,SELECTED SOCIAL CHARACTERISTICS IN PUERTO RICO
DP02PR_0049P,Percent!!GRANDPARENTS!!Number of grandparents living with own grandchildren under 18 years!!Years responsible for grandchildren!!5 or more years,SELECTED SOCIAL CHARACTERISTICS IN PUERTO RICO
DP02PR_0050,Estimate!!GRANDPARENTS!!Number of grandparents responsible for own grandchildren under 18 years,SELECTED SOCIAL CHARACTERISTICS IN PUERTO RICO
DP02PR_0050P,Percent!!GRANDPARENTS!!Number of grandparents responsible for own grandchildren under 18 years,SELECTED SOCIAL CHARACTERISTICS IN PUERTO RICO
DP02PR_0051,Estimate!!GRANDPARENTS!!Number of grandparents responsible for own grandchildren under 18 years!!Who are female,SELECTED SOCIAL CHARACTERISTICS IN PUERTO RICO
DP02PR_0051P,Percent!!GRANDPARENTS!!Number of grandparents responsible for own grandchildren under 18 years!!Who are female,SELECTED SOCIAL CHARACTERISTICS IN PUERTO RICO
DP02PR_0052,Estimate!!GRANDPARENTS!!Number of grandparents responsible for own grandchildren under 18 years!!Who are married,SELECTED SOCIAL CHARACTERISTICS IN PUERTO RICO
DP02PR_0052P,Percent!!GRANDPARENTS!!Number of grandparents responsible for own grandchildren under 18 years!!Who are married,SELECTED SOCIAL CHARACTERISTICS IN PUERTO RICO
DP02PR_0053,Estimate!!SCHOOL ENROLLMENT!!Population 3 years and over enrolled in school,SELECTED SOCIAL CHARACTERISTICS IN PUERTO RICO
DP02PR_0053P,Percent!!SCHOOL ENROLLMENT!!Population 3 years and over enrolled in school,SELECTED SOCIAL CHARACTERISTICS IN PUERTO RICO
DP02PR_0054,"Estimate!!SCHOOL ENROLLMENT!!Population 3 years and over enrolled in school!!Nursery school, preschool",SELECTED SOCIAL CHARACTERISTICS IN PUERTO RICO
DP02PR_0054P,"Percent!!SCHOOL ENROLLMENT!!Population 3 years and over enrolled in school!!Nursery school, preschool",SELECTED SOCIAL CHARACTERISTICS IN PUERTO RICO
DP02PR_0055,Estimate!!SCHOOL ENROLLMENT!!Population 3 years and over enrolled in school!!Kindergarten,SELECTED SOCIAL CHARACTERISTICS IN PUERTO RICO
DP02PR_0055P,Percent!!SCHOOL ENROLLMENT!!Population 3 years and over enrolled in school!!Kindergarten,SELECTED SOCIAL CHARACTERISTICS IN PUERTO RICO
DP02PR_0056,Estimate!!SCHOOL ENROLLMENT!!Population 3 years and over enrolled in school!!Elementary school (grades 1-8),SELECTED SOCIAL CHARACTERISTICS IN PUERTO RICO
DP02PR_0056P,Percent!!SCHOOL ENROLLMENT!!Population 3 years and over enrolled in school!!Elementary school (grades 1-8),SELECTED SOCIAL CHARACTERISTICS IN PUERTO RICO
DP02PR_0057,Estimate!!SCHOOL ENROLLMENT!!Population 3 years and over enrolled in school!!High school (grades 9-12),SELECTED SOCIAL CHARACTERISTICS IN PUERTO RICO
DP02PR_0057P,Percent!!SCHOOL ENROLLMENT!!Population 3 years and over enrolled in school!!High school (grades 9-12),SELECTED SOCIAL CHARACTERISTICS IN PUERTO RICO
DP02PR_0058,Estimate!!SCHOOL ENROLLMENT!!Population 3 years and over enrolled in school!!College or graduate school,SELECTED SOCIAL CHARACTERISTICS IN PUERTO RICO
DP02PR_0058P,Percent!!SCHOOL ENROLLMENT!!Population 3 years and over enrolled in school!!College or graduate school,SELECTED SOCIAL CHARACTERISTICS IN PUERTO RICO
DP02PR_0059,Estimate!!EDUCATIONAL ATTAINMENT!!Population 25 years and over,SELECTED SOCIAL CHARACTERISTICS IN PUERTO RICO
DP02PR_0059P,Percent!!EDUCATIONAL ATTAINMENT!!Population 25 years and over,SELECTED SOCIAL CHARACTERISTICS IN PUERTO RICO
DP02PR_0060,Estimate!!EDUCATIONAL ATTAINMENT!!Population 25 years and over!!Less than 9th grade,SELECTED SOCIAL CHARACTERISTICS IN PUERTO RICO
DP02PR_0060P,Percent!!EDUCATIONAL ATTAINMENT!!Population 25 years and over!!Less than 9th grade,SELECTED SOCIAL CHARACTERISTICS IN PUERTO RICO
DP02PR_0061,"Estimate!!EDUCATIONAL ATTAINMENT!!Population 25 years and over!!9th to 12th grade, no diploma",SELECTED SOCIAL CHARACTERISTICS IN PUERTO RICO
DP02PR_0061P,"Percent!!EDUCATIONAL ATTAINMENT!!Population 25 years and over!!9th to 12th grade, no diploma",SELECTED SOCIAL CHARACTERISTICS IN PUERTO RICO
DP02PR_0062,Estimate!!EDUCATIONAL ATTAINMENT!!Population 25 years and over!!High school graduate (includes equivalency),SELECTED SOCIAL CHARACTERISTICS IN PUERTO RICO
DP02PR_0062P,Percent!!EDUCATIONAL ATTAINMENT!!Population 25 years and over!!High school graduate (includes equivalency),SELECTED SOCIAL CHARACTERISTICS IN PUERTO RICO
DP02PR_0063,"Estimate!!EDUCATIONAL ATTAINMENT!!Population 25 years and over!!Some college, no degree",SELECTED SOCIAL CHARACTERISTICS IN PUERTO RICO
DP02PR_0063P,"Percent!!EDUCATIONAL ATTAINMENT!!Population 25 years and over!!Some college, no degree",SELECTED SOCIAL CHARACTERISTICS IN PUERTO RICO
DP02PR_0064,Estimate!!EDUCATIONAL ATTAINMENT!!Population 25 years and over!!Associate's degree,SELECTED SOCIAL CHARACTERISTICS IN PUERTO RICO
DP02PR_0064P,Percent!!EDUCATIONAL ATTAINMENT!!Population 25 years and over!!Associate's degree,SELECTED SOCIAL CHARACTERISTICS IN PUERTO RICO
DP02PR_0065,Estimate!!EDUCATIONAL ATTAINMENT!!Population 25 years and over!!Bachelor's degree,SELECTED SOCIAL CHARACTERISTICS IN PUERTO RICO
DP02PR_0065P,Percent!!EDUCATIONAL ATTAINMENT!!Population 25 years and over!!Bachelor's degree,SELECTED SOCIAL CHARACTERISTICS IN PUERTO RICO
DP02PR_0066,Estimate!!EDUCATIONAL ATTAINMENT!!Population 25 years and over!!Graduate or professional degree,SELECTED SOCIAL CHARACTERISTICS IN PUERTO RICO
DP02PR_0066P,Percent!!EDUCATIONAL ATTAINMENT!!Population 25 years and over!!Graduate or professional degree,SELECTED SOCIAL CHARACTERISTICS IN PUERTO RICO
DP02PR_0067,Estimate!!EDUCATIONAL ATTAINMENT!!Population 25 years and over!!High school graduate or higher,SELECTED SOCIAL CHARACTERISTICS IN PUERTO RICO
DP02PR_0067P,Percent!!EDUCATIONAL ATTAINMENT!!Population 25 years and over!!High school graduate or higher,SELECTED SOCIAL CHARACTERISTICS IN PUERTO RICO
DP02PR_0068,Estimate!!EDUCATIONAL ATTAINMENT!!Population 25 years and over!!Bachelor's degree or higher,SELECTED SOCIAL CHARACTERISTICS IN PUERTO RICO
DP02PR_0068P,Percent!!EDUCATIONAL ATTAINMENT!!Population 25 years and over!!Bachelor's degree or higher,SELECTED SOCIAL CHARACTERISTICS IN PUERTO RICO
DP02PR_0069,Estimate!!VETERAN STATUS!!Civilian population 18 years and over,SELECTED SOCIAL CHARACTERISTICS IN PUERTO RICO
DP02PR_0069P,Percent!!VETERAN STATUS!!Civilian population 18 years and over,SELECTED SOCIAL CHARACTERISTICS IN PUERTO RICO
DP02PR_0070,Estimate!!VETERAN STATUS!!Civilian population 18 years and over!!Civilian veterans,SELECTED SOCIAL CHARACTERISTICS IN PUERTO RICO
DP02PR_0070P,Percent!!VETERAN STATUS!!Civilian population 18 years and over!!Civilian veterans,SELECTED SOCIAL CHARACTERISTICS IN PUERTO RICO
DP02PR_0071,Estimate!!DISABILITY STATUS OF THE CIVILIAN NONINSTITUTIONALIZED POPULATION!!Total Civilian Noninstitutionalized Population,SELECTED SOCIAL CHARACTERISTICS IN PUERTO RICO
DP02PR_0071P,Percent!!DISABILITY STATUS OF THE CIVILIAN NONINSTITUTIONALIZED POPULATION!!Total Civilian Noninstitutionalized Population,SELECTED SOCIAL CHARACTERISTICS IN PUERTO RICO
DP02PR_0072,Estimate!!DISABILITY STATUS OF THE CIVILIAN NONINSTITUTIONALIZED POPULATION!!Total Civilian Noninstitutionalized Population!!With a disability,SELECTED SOCIAL CHARACTERISTICS IN PUERTO RICO
DP02PR_0072P,Percent!!DISABILITY STATUS OF THE CIVILIAN NONINSTITUTIONALIZED POPULATION!!Total Civilian Noninstitutionalized Population!!With a disability,SELECTED SOCIAL CHARACTERISTICS IN PUERTO RICO
DP02PR_0073,Estimate!!DISABILITY STATUS OF THE CIVILIAN NONINSTITUTIONALIZED POPULATION!!Under 18 years,SELECTED SOCIAL CHARACTERISTICS IN PUERTO RICO
DP02PR_0073P,Percent!!DISABILITY STATUS OF THE CIVILIAN NONINSTITUTIONALIZED POPULATION!!Under 18 years,SELECTED SOCIAL CHARACTERISTICS IN PUERTO RICO
DP02PR_0074,Estimate!!DISABILITY STATUS OF THE CIVILIAN NONINSTITUTIONALIZED POPULATION!!Under 18 years!!With a disability,SELECTED SOCIAL CHARACTERISTICS IN PUERTO RICO
DP02PR_0074P,Percent!!DISABILITY STATUS OF THE CIVILIAN NONINSTITUTIONALIZED POPULATION!!Under 18 years!!With a disability,SELECTED SOCIAL CHARACTERISTICS IN PUERTO RICO
DP02PR_0075,Estimate!!DISABILITY STATUS OF THE CIVILIAN NONINSTITUTIONALIZED POPULATION!!18 to 64 years,SELECTED SOCIAL CHARACTERISTICS IN PUERTO RICO
DP02PR_0075P,Percent!!DISABILITY STATUS OF THE CIVILIAN NONINSTITUTIONALIZED POPULATION!!18 to 64 years,SELECTED SOCIAL CHARACTERISTICS IN PUERTO RICO
DP02PR_0076,Estimate!!DISABILITY STATUS OF THE CIVILIAN NONINSTITUTIONALIZED POPULATION!!18 to 64 years!!With a disability,SELECTED SOCIAL CHARACTERISTICS IN PUERTO RICO
DP02PR_0076P,Percent!!DISABILITY STATUS OF THE CIVILIAN NONINSTITUTIONALIZED POPULATION!!18 to 64 years!!With a disability,SELECTED SOCIAL CHARACTERISTICS IN PUERTO RICO
DP02PR_0077,Estimate!!DISABILITY STATUS OF THE CIVILIAN NONINSTITUTIONALIZED POPULATION!!65 years and over,SELECTED SOCIAL CHARACTERISTICS IN PUERTO RICO
DP02PR_0077P,Percent!!DISABILITY STATUS OF THE CIVILIAN NONINSTITUTIONALIZED POPULATION!!65 years and over,SELECTED SOCIAL CHARACTERISTICS IN PUERTO RICO
DP02PR_0078,Estimate!!DISABILITY STATUS OF THE CIVILIAN NONINSTITUTIONALIZED POPULATION!!65 years and over!!With a disability,SELECTED SOCIAL CHARACTERISTICS IN PUERTO RICO
DP02PR_0078P,Percent!!DISABILITY STATUS OF THE CIVILIAN NONINSTITUTIONALIZED POPULATION!!65 years and over!!With a disability,SELECTED SOCIAL CHARACTERISTICS IN PUERTO RICO
DP02PR_0079,Estimate!!RESIDENCE 1 YEAR AGO!!Population 1 year and over,SELECTED SOCIAL CHARACTERISTICS IN PUERTO RICO
DP02PR_0079P,Percent!!RESIDENCE 1 YEAR AGO!!Population 1 year and over,SELECTED SOCIAL CHARACTERISTICS IN PUERTO RICO
DP02PR_0080,Estimate!!RESIDENCE 1 YEAR AGO!!Population 1 year and over!!Same house,SELECTED SOCIAL CHARACTERISTICS IN PUERTO RICO
DP02PR_0080P,Percent!!RESIDENCE 1 YEAR AGO!!Population 1 year and over!!Same house,SELECTED SOCIAL CHARACTERISTICS IN PUERTO RICO
DP02PR_0081,"Estimate!!RESIDENCE 1 YEAR AGO!!Population 1 year and over!!Different house (in Puerto Rico, the U.S., or elsewhere)",SELECTED SOCIAL CHARACTERISTICS IN PUERTO RICO
DP02PR_0081P,"Percent!!RESIDENCE 1 YEAR AGO!!Population 1 year and over!!Different house (in Puerto Rico, the U.S., or elsewhere)",SELECTED SOCIAL CHARACTERISTICS IN PUERTO RICO
DP02PR_0082,"Estimate!!RESIDENCE 1 YEAR AGO!!Population 1 year and over!!Different house (in Puerto Rico, the U.S., or elsewhere)!!Different house in Puerto Rico or the U.S.",SELECTED SOCIAL CHARACTERISTICS IN PUERTO RICO
DP02PR_0082P,"Percent!!RESIDENCE 1 YEAR AGO!!Population 1 year and over!!Different house (in Puerto Rico, the U.S., or elsewhere)!!Different house in Puerto Rico or the U.S.",SELECTED SOCIAL CHARACTERISTICS IN PUERTO RICO
DP02PR_0083,"Estimate!!RESIDENCE 1 YEAR AGO!!Population 1 year and over!!Different house (in Puerto Rico, the U.S., or elsewhere)!!Different house in Puerto Rico or the U.S.!!In Puerto Rico",SELECTED SOCIAL CHARACTERISTICS IN PUERTO RICO
DP02PR_0083P,"Percent!!RESIDENCE 1 YEAR AGO!!Population 1 year and over!!Different house (in Puerto Rico, the U.S., or elsewhere)!!Different house in Puerto Rico or the U.S.!!In Puerto Rico",SELECTED SOCIAL CHARACTERISTICS IN PUERTO RICO
DP02PR_0084,"Estimate!!RESIDENCE 1 YEAR AGO!!Population 1 year and over!!Different house (in Puerto Rico, the U.S., or elsewhere)!!Different house in Puerto Rico or the U.S.!!In Puerto Rico!!Same municipio",SELECTED SOCIAL CHARACTERISTICS IN PUERTO RICO
DP02PR_0084P,"Percent!!RESIDENCE 1 YEAR AGO!!Population 1 year and over!!Different house (in Puerto Rico, the U.S., or elsewhere)!!Different house in Puerto Rico or the U.S.!!In Puerto Rico!!Same municipio",SELECTED SOCIAL CHARACTERISTICS IN PUERTO RICO
DP02PR_0085,"Estimate!!RESIDENCE 1 YEAR AGO!!Population 1 year and over!!Different house (in Puerto Rico, the U.S., or elsewhere)!!Different house in Puerto Rico or the U.S.!!In Puerto Rico!!Different municipio",SELECTED SOCIAL CHARACTERISTICS IN PUERTO RICO
DP02PR_0085P,"Percent!!RESIDENCE 1 YEAR AGO!!Population 1 year and over!!Different house (in Puerto Rico, the U.S., or elsewhere)!!Different house in Puerto Rico or the U.S.!!In Puerto Rico!!Different municipio",SELECTED SOCIAL CHARACTERISTICS IN PUERTO RICO
DP02PR_0086,"Estimate!!RESIDENCE 1 YEAR AGO!!Population 1 year and over!!Different house (in Puerto Rico, the U.S., or elsewhere)!!Different house in Puerto Rico or the U.S.!!In the United States",SELECTED SOCIAL CHARACTERISTICS IN PUERTO RICO
DP02PR_0086P,"Percent!!RESIDENCE 1 YEAR AGO!!Population 1 year and over!!Different house (in Puerto Rico, the U.S., or elsewhere)!!Different house in Puerto Rico or the U.S.!!In the United States",SELECTED SOCIAL CHARACTERISTICS IN PUERTO RICO
DP02PR_0087,"Estimate!!RESIDENCE 1 YEAR AGO!!Population 1 year and over!!Different house (in Puerto Rico, the U.S., or elsewhere)!!Elsewhere",SELECTED SOCIAL CHARACTERISTICS IN PUERTO RICO
DP02PR_0087P,"Percent!!RESIDENCE 1 YEAR AGO!!Population 1 year and over!!Different house (in Puerto Rico, the U.S., or elsewhere)!!Elsewhere",SELECTED SOCIAL CHARACTERISTICS IN PUERTO RICO
DP02PR_0088,Estimate!!PLACE OF BIRTH!!Total population,SELECTED SOCIAL CHARACTERISTICS IN PUERTO RICO
DP02PR_0088P,Percent!!PLACE OF BIRTH!!Total population,SELECTED SOCIAL CHARACTERISTICS IN PUERTO RICO
DP02PR_0089,Estimate!!PLACE OF BIRTH!!Total population!!Native,SELECTED SOCIAL CHARACTERISTICS IN PUERTO RICO
DP02PR_0089P,Percent!!PLACE OF BIRTH!!Total population!!Native,SELECTED SOCIAL CHARACTERISTICS IN PUERTO RICO
DP02PR_0090,Estimate!!PLACE OF BIRTH!!Total population!!Native!!Born in Puerto Rico or the United States,SELECTED SOCIAL CHARACTERISTICS IN PUERTO RICO
DP02PR_0090P,Percent!!PLACE OF BIRTH!!Total population!!Native!!Born in Puerto Rico or the United States,SELECTED SOCIAL CHARACTERISTICS IN PUERTO RICO
DP02PR_0091,Estimate!!PLACE OF BIRTH!!Total population!!Native!!Born in Puerto Rico or the United States!!In Puerto Rico,SELECTED SOCIAL CHARACTERISTICS IN PUERTO RICO
DP02PR_0091P,Percent!!PLACE OF BIRTH!!Total population!!Native!!Born in Puerto Rico or the United States!!In Puerto Rico,SELECTED SOCIAL CHARACTERISTICS IN PUERTO RICO
DP02PR_0092,Estimate!!PLACE OF BIRTH!!Total population!!Native!!Born in Puerto Rico or the United States!!In the United States,SELECTED SOCIAL CHARACTERISTICS IN PUERTO RICO
DP02PR_0092P,Percent!!PLACE OF BIRTH!!Total population!!Native!!Born in Puerto Rico or the United States!!In the United States,SELECTED SOCIAL CHARACTERISTICS IN PUERTO RICO
DP02PR_0093,"Estimate!!PLACE OF BIRTH!!Total population!!Native!!Born in U.S. Island Areas, or born abroad of American parents",SELECTED SOCIAL CHARACTERISTICS IN PUERTO RICO
DP02PR_0093P,"Percent!!PLACE OF BIRTH!!Total population!!Native!!Born in U.S. Island Areas, or born abroad of American parents",SELECTED SOCIAL CHARACTERISTICS IN PUERTO RICO
DP02PR_0094,Estimate!!PLACE OF BIRTH!!Total population!!Foreign born,SELECTED SOCIAL CHARACTERISTICS IN PUERTO RICO
DP02PR_0094P,Percent!!PLACE OF BIRTH!!Total population!!Foreign born,SELECTED SOCIAL CHARACTERISTICS IN PUERTO RICO
DP02PR_0095,Estimate!!U.S. CITIZENSHIP STATUS!!Foreign-born population,SELECTED SOCIAL CHARACTERISTICS IN PUERTO RICO
DP02PR_0095P,Percent!!U.S. CITIZENSHIP STATUS!!Foreign-born population,SELECTED SOCIAL CHARACTERISTICS IN PUERTO RICO
DP02PR_0096,Estimate!!U.S. CITIZENSHIP STATUS!!Foreign-born population!!Naturalized U.S. citizen,SELECTED SOCIAL CHARACTERISTICS IN PUERTO RICO
DP02PR_0096P,Percent!!U.S. CITIZENSHIP STATUS!!Foreign-born population!!Naturalized U.S. citizen,SELECTED SOCIAL CHARACTERISTICS IN PUERTO RICO
DP02PR_0097,Estimate!!U.S. CITIZENSHIP STATUS!!Foreign-born population!!Not a U.S. citizen,SELECTED SOCIAL CHARACTERISTICS IN PUERTO RICO
DP02PR_0097P,Percent!!U.S. CITIZENSHIP STATUS!!Foreign-born population!!Not a U.S. citizen,SELECTED SOCIAL CHARACTERISTICS IN PUERTO RICO
DP02PR_0098,Estimate!!YEAR OF ENTRY!!Population born outside Puerto Rico,SELECTED SOCIAL CHARACTERISTICS IN PUERTO RICO
DP02PR_0098P,Percent!!YEAR OF ENTRY!!Population born outside Puerto Rico,SELECTED SOCIAL CHARACTERISTICS IN PUERTO RICO
DP02PR_0099,Estimate!!YEAR OF ENTRY!!Population born outside Puerto Rico!!Native,SELECTED SOCIAL CHARACTERISTICS IN PUERTO RICO
DP02PR_0099P,Percent!!YEAR OF ENTRY!!Population born outside Puerto Rico!!Native,SELECTED SOCIAL CHARACTERISTICS IN PUERTO RICO
DP02PR_0100,Estimate!!YEAR OF ENTRY!!Population born outside Puerto Rico!!Native!!Entered 2010 or later,SELECTED SOCIAL CHARACTERISTICS IN PUERTO RICO
DP02PR_0100P,Percent!!YEAR OF ENTRY!!Population born outside Puerto Rico!!Native!!Entered 2010 or later,SELECTED SOCIAL CHARACTERISTICS IN PUERTO RICO
DP02PR_0101,Estimate!!YEAR OF ENTRY!!Population born outside Puerto Rico!!Native!!Entered before 2010,SELECTED SOCIAL CHARACTERISTICS IN PUERTO RICO
DP02PR_0101P,Percent!!YEAR OF ENTRY!!Population born outside Puerto Rico!!Native!!Entered before 2010,SELECTED SOCIAL CHARACTERISTICS IN PUERTO RICO
DP02PR_0102,Estimate!!YEAR OF ENTRY!!Population born outside Puerto Rico!!Foreign born,SELECTED SOCIAL CHARACTERISTICS IN PUERTO RICO
DP02PR_0102P,Percent!!YEAR OF ENTRY!!Population born outside Puerto Rico!!Foreign born,SELECTED SOCIAL CHARACTERISTICS IN PUERTO RICO
DP02PR_0103,Estimate!!YEAR OF ENTRY!!Population born outside Puerto Rico!!Foreign born!!Entered 2010 or later,SELECTED SOCIAL CHARACTERISTICS IN PUERTO RICO
DP02PR_0103P,Percent!!YEAR OF ENTRY!!Population born outside Puerto Rico!!Foreign born!!Entered 2010 or later,SELECTED SOCIAL CHARACTERISTICS IN PUERTO RICO
DP02PR_0104,Estimate!!YEAR OF ENTRY!!Population born outside Puerto Rico!!Foreign born!!Entered before 2010,SELECTED SOCIAL CHARACTERISTICS IN PUERTO RICO
DP02PR_0104P,Percent!!YEAR OF ENTRY!!Population born outside Puerto Rico!!Foreign born!!Entered before 2010,SELECTED SOCIAL CHARACTERISTICS IN PUERTO RICO
DP02PR_0105,"Estimate!!WORLD REGION OF BIRTH OF FOREIGN BORN!!Foreign-born population, excluding population born at sea",SELECTED SOCIAL CHARACTERISTICS IN PUERTO RICO
DP02PR_0105P,"Percent!!WORLD REGION OF BIRTH OF FOREIGN BORN!!Foreign-born population, excluding population born at sea",SELECTED SOCIAL CHARACTERISTICS IN PUERTO RICO
DP02PR_0106,"Estimate!!WORLD REGION OF BIRTH OF FOREIGN BORN!!Foreign-born population, excluding population born at sea!!Europe",SELECTED SOCIAL CHARACTERISTICS IN PUERTO RICO
DP02PR_0106P,"Percent!!WORLD REGION OF BIRTH OF FOREIGN BORN!!Foreign-born population, excluding population born at sea!!Europe",SELECTED SOCIAL CHARACTERISTICS IN PUERTO RICO
DP02PR_0107,"Estimate!!WORLD REGION OF BIRTH OF FOREIGN BORN!!Foreign-born population, excluding population born at sea!!Asia",SELECTED SOCIAL CHARACTERISTICS IN PUERTO RICO
DP02PR_0107P,"Percent!!WORLD REGION OF BIRTH OF FOREIGN BORN!!Foreign-born population, excluding population born at sea!!Asia",SELECTED SOCIAL CHARACTERISTICS IN PUERTO RICO
DP02PR_0108,"Estimate!!WORLD REGION OF BIRTH OF FOREIGN BORN!!Foreign-born population, excluding population born at sea!!Africa",SELECTED SOCIAL CHARACTERISTICS IN PUERTO RICO
DP02PR_0108P,"Percent!!WORLD REGION OF BIRTH OF FOREIGN BORN!!Foreign-born population, excluding population born at sea!!Africa",SELECTED SOCIAL CHARACTERISTICS IN PUERTO RICO
DP02PR_0109,"Estimate!!WORLD REGION OF BIRTH OF FOREIGN BORN!!Foreign-born population, excluding population born at sea!!Oceania",SELECTED SOCIAL CHARACTERISTICS IN PUERTO RICO
DP02PR_0109P,"Percent!!WORLD REGION OF BIRTH OF FOREIGN BORN!!Foreign-born population, excluding population born at sea!!Oceania",SELECTED SOCIAL CHARACTERISTICS IN PUERTO RICO
DP02PR_0110,"Estimate!!WORLD REGION OF BIRTH OF FOREIGN BORN!!Foreign-born population, excluding population born at sea!!Latin America",SELECTED SOCIAL CHARACTERISTICS IN PUERTO RICO
DP02PR_0110P,"Percent!!WORLD REGION OF BIRTH OF FOREIGN BORN!!Foreign-born population, excluding population born at sea!!Latin America",SELECTED SOCIAL CHARACTERISTICS IN PUERTO RICO
DP02PR_0111,"Estimate!!WORLD REGION OF BIRTH OF FOREIGN BORN!!Foreign-born population, excluding population born at sea!!Northern America",SELECTED SOCIAL CHARACTERISTICS IN PUERTO RICO
DP02PR_0111P,"Percent!!WORLD REGION OF BIRTH OF FOREIGN BORN!!Foreign-born population, excluding population born at sea!!Northern America",SELECTED SOCIAL CHARACTERISTICS IN PUERTO RICO
DP02PR_0112,Estimate!!LANGUAGE SPOKEN AT HOME!!Population 5 years and over,SELECTED SOCIAL CHARACTERISTICS IN PUERTO RICO
DP02PR_0112P,Percent!!LANGUAGE SPOKEN AT HOME!!Population 5 years and over,SELECTED SOCIAL CHARACTERISTICS IN PUERTO RICO
DP02PR_0113,Estimate!!LANGUAGE SPOKEN AT HOME!!Population 5 years and over!!English only,SELECTED SOCIAL CHARACTERISTICS IN PUERTO RICO
DP02PR_0113P,Percent!!LANGUAGE SPOKEN AT HOME!!Population 5 years and over!!English only,SELECTED SOCIAL CHARACTERISTICS IN PUERTO RICO
DP02PR_0114,Estimate!!LANGUAGE SPOKEN AT HOME!!Population 5 years and over!!Language other than English,SELECTED SOCIAL CHARACTERISTICS IN PUERTO RICO
DP02PR_0114P,Percent!!LANGUAGE SPOKEN AT HOME!!Population 5 years and over!!Language other than English,SELECTED SOCIAL CHARACTERISTICS IN PUERTO RICO
DP02PR_0115,"Estimate!!LANGUAGE SPOKEN AT HOME!!Population 5 years and over!!Language other than English!!Speak English less than ""very well""",SELECTED SOCIAL CHARACTERISTICS IN PUERTO RICO
DP02PR_0115P,"Percent!!LANGUAGE SPOKEN AT HOME!!Population 5 years and over!!Language other than English!!Speak English less than ""very well""",SELECTED SOCIAL CHARACTERISTICS IN PUERTO RICO
DP02PR_0116,Estimate!!LANGUAGE SPOKEN AT HOME!!Population 5 years and over!!Spanish,SELECTED SOCIAL CHARACTERISTICS IN PUERTO RICO
DP02PR_0116P,Percent!!LANGUAGE SPOKEN AT HOME!!Population 5 years and over!!Spanish,SELECTED SOCIAL CHARACTERISTICS IN PUERTO RICO
DP02PR_0117,"Estimate!!LANGUAGE SPOKEN AT HOME!!Population 5 years and over!!Spanish!!Speak English less than ""very well""",SELECTED SOCIAL CHARACTERISTICS IN PUERTO RICO
DP02PR_0117P,"Percent!!LANGUAGE SPOKEN AT HOME!!Population 5 years and over!!Spanish!!Speak English less than ""very well""",SELECTED SOCIAL CHARACTERISTICS IN PUERTO RICO
DP02PR_0118,Estimate!!LANGUAGE SPOKEN AT HOME!!Population 5 years and over!!Other Indo-European languages,SELECTED SOCIAL CHARACTERISTICS IN PUERTO RICO
DP02PR_0118P,Percent!!LANGUAGE SPOKEN AT HOME!!Population 5 years and over!!Other Indo-European languages,SELECTED SOCIAL CHARACTERISTICS IN PUERTO RICO
DP02PR_0119,"Estimate!!LANGUAGE SPOKEN AT HOME!!Population 5 years and over!!Other Indo-European languages!!Speak English less than ""very well""",SELECTED SOCIAL CHARACTERISTICS IN PUERTO RICO
DP02PR_0119P,"Percent!!LANGUAGE SPOKEN AT HOME!!Population 5 years and over!!Other Indo-European languages!!Speak English less than ""very well""",SELECTED SOCIAL CHARACTERISTICS IN PUERTO RICO
DP02PR_0120,Estimate!!LANGUAGE SPOKEN AT HOME!!Population 5 years and over!!Asian and Pacific Islander languages,SELECTED SOCIAL CHARACTERISTICS IN PUERTO RICO
DP02PR_0120P,Percent!!LANGUAGE SPOKEN AT HOME!!Population 5 years and over!!Asian and Pacific Islander languages,SELECTED SOCIAL CHARACTERISTICS IN PUERTO RICO
DP02PR_0121,"Estimate!!LANGUAGE SPOKEN AT HOME!!Population 5 years and over!!Asian and Pacific Islander languages!!Speak English less than ""very well""",SELECTED SOCIAL CHARACTERISTICS IN PUERTO RICO
DP02PR_0121P,"Percent!!LANGUAGE SPOKEN AT HOME!!Population 5 years and over!!Asian and Pacific Islander languages!!Speak English less than ""very well""",SELECTED SOCIAL CHARACTERISTICS IN PUERTO RICO
DP02PR_0122,Estimate!!LANGUAGE SPOKEN AT HOME!!Population 5 years and over!!Other languages,SELECTED SOCIAL CHARACTERISTICS IN PUERTO RICO
DP02PR_0122P,Percent!!LANGUAGE SPOKEN AT HOME!!Population 5 years and over!!Other languages,SELECTED SOCIAL CHARACTERISTICS IN PUERTO RICO
DP02PR_0123,"Estimate!!LANGUAGE SPOKEN AT HOME!!Population 5 years and over!!Other languages!!Speak English less than ""very well""",SELECTED SOCIAL CHARACTERISTICS IN PUERTO RICO
DP02PR_0123P,"Percent!!LANGUAGE SPOKEN AT HOME!!Population 5 years and over!!Other languages!!Speak English less than ""very well""",SELECTED SOCIAL CHARACTERISTICS IN PUERTO RICO
DP02PR_0124,Estimate!!ANCESTRY!!Total population,SELECTED SOCIAL CHARACTERISTICS IN PUERTO RICO
DP02PR_0124P,Percent!!ANCESTRY!!Total population,SELECTED SOCIAL CHARACTERISTICS IN PUERTO RICO
DP02PR_0125,Estimate!!ANCESTRY!!Total population!!American,SELECTED SOCIAL CHARACTERISTICS IN PUERTO RICO
DP02PR_0125P,Percent!!ANCESTRY!!Total population!!American,SELECTED SOCIAL CHARACTERISTICS IN PUERTO RICO
DP02PR_0126,Estimate!!ANCESTRY!!Total population!!Arab,SELECTED SOCIAL CHARACTERISTICS IN PUERTO RICO
DP02PR_0126P,Percent!!ANCESTRY!!Total population!!Arab,SELECTED SOCIAL CHARACTERISTICS IN PUERTO RICO
DP02PR_0127,Estimate!!ANCESTRY!!Total population!!Czech,SELECTED SOCIAL CHARACTERISTICS IN PUERTO RICO
DP02PR_0127P,Percent!!ANCESTRY!!Total population!!Czech,SELECTED SOCIAL CHARACTERISTICS IN PUERTO RICO
DP02PR_0128,Estimate!!ANCESTRY!!Total population!!Danish,SELECTED SOCIAL CHARACTERISTICS IN PUERTO RICO
DP02PR_0128P,Percent!!ANCESTRY!!Total population!!Danish,SELECTED SOCIAL CHARACTERISTICS IN PUERTO RICO
DP02PR_0129,Estimate!!ANCESTRY!!Total population!!Dutch,SELECTED SOCIAL CHARACTERISTICS IN PUERTO RICO
DP02PR_0129P,Percent!!ANCESTRY!!Total population!!Dutch,SELECTED SOCIAL CHARACTERISTICS IN PUERTO RICO
DP02PR_0130,Estimate!!ANCESTRY!!Total population!!English,SELECTED SOCIAL CHARACTERISTICS IN PUERTO RICO
DP02PR_0130P,Percent!!ANCESTRY!!Total population!!English,SELECTED SOCIAL CHARACTERISTICS IN PUERTO RICO
DP02PR_0131,Estimate!!ANCESTRY!!Total population!!French (except Basque),SELECTED SOCIAL CHARACTERISTICS IN PUERTO RICO
DP02PR_0131P,Percent!!ANCESTRY!!Total population!!French (except Basque),SELECTED SOCIAL CHARACTERISTICS IN PUERTO RICO
DP02PR_0132,Estimate!!ANCESTRY!!Total population!!French Canadian,SELECTED SOCIAL CHARACTERISTICS IN PUERTO RICO
DP02PR_0132P,Percent!!ANCESTRY!!Total population!!French Canadian,SELECTED SOCIAL CHARACTERISTICS IN PUERTO RICO
DP02PR_0133,Estimate!!ANCESTRY!!Total population!!German,SELECTED SOCIAL CHARACTERISTICS IN PUERTO RICO
DP02PR_0133P,Percent!!ANCESTRY!!Total population!!German,SELECTED SOCIAL CHARACTERISTICS IN PUERTO RICO
DP02PR_0134,Estimate!!ANCESTRY!!Total population!!Greek,SELECTED SOCIAL CHARACTERISTICS IN PUERTO RICO
DP02PR_0134P,Percent!!ANCESTRY!!Total population!!Greek,SELECTED SOCIAL CHARACTERISTICS IN PUERTO RICO
DP02PR_0135,Estimate!!ANCESTRY!!Total population!!Hungarian,SELECTED SOCIAL CHARACTERISTICS IN PUERTO RICO
DP02PR_0135P,Percent!!ANCESTRY!!Total population!!Hungarian,SELECTED SOCIAL CHARACTERISTICS IN PUERTO RICO
DP02PR_0136,Estimate!!ANCESTRY!!Total population!!Irish,SELECTED SOCIAL CHARACTERISTICS IN PUERTO RICO
DP02PR_0136P,Percent!!ANCESTRY!!Total population!!Irish,SELECTED SOCIAL CHARACTERISTICS IN PUERTO RICO
DP02PR_0137,Estimate!!ANCESTRY!!Total population!!Italian,SELECTED SOCIAL CHARACTERISTICS IN PUERTO RICO
DP02PR_0137P,Percent!!ANCESTRY!!Total population!!Italian,SELECTED SOCIAL CHARACTERISTICS IN PUERTO RICO
DP02PR_0138,Estimate!!ANCESTRY!!Total population!!Lithuanian,SELECTED SOCIAL CHARACTERISTICS IN PUERTO RICO
DP02PR_0138P,Percent!!ANCESTRY!!Total population!!Lithuanian,SELECTED SOCIAL CHARACTERISTICS IN PUERTO RICO
DP02PR_0139,Estimate!!ANCESTRY!!Total population!!Norwegian,SELECTED SOCIAL CHARACTERISTICS IN PUERTO RICO
DP02PR_0139P,Percent!!ANCESTRY!!Total population!!Norwegian,SELECTED SOCIAL CHARACTERISTICS IN PUERTO RICO
DP02PR_0140,Estimate!!ANCESTRY!!Total population!!Polish,SELECTED SOCIAL CHARACTERISTICS IN PUERTO RICO
DP02PR_0140P,Percent!!ANCESTRY!!Total population!!Polish,SELECTED SOCIAL CHARACTERISTICS IN PUERTO RICO
DP02PR_0141,Estimate!!ANCESTRY!!Total population!!Portuguese,SELECTED SOCIAL CHARACTERISTICS IN PUERTO RICO
DP02PR_0141P,Percent!!ANCESTRY!!Total population!!Portuguese,SELECTED SOCIAL CHARACTERISTICS IN PUERTO RICO
DP02PR_0142,Estimate!!ANCESTRY!!Total population!!Russian,SELECTED SOCIAL CHARACTERISTICS IN PUERTO RICO
DP02PR_0142P,Percent!!ANCESTRY!!Total population!!Russian,SELECTED SOCIAL CHARACTERISTICS IN PUERTO RICO
DP02PR_0143,Estimate!!ANCESTRY!!Total population!!Scotch-Irish,SELECTED SOCIAL CHARACTERISTICS IN PUERTO RICO
DP02PR_0143P,Percent!!ANCESTRY!!Total population!!Scotch-Irish,SELECTED SOCIAL CHARACTERISTICS IN PUERTO RICO
DP02PR_0144,Estimate!!ANCESTRY!!Total population!!Scottish,SELECTED SOCIAL CHARACTERISTICS IN PUERTO RICO
DP02PR_0144P,Percent!!ANCESTRY!!Total population!!Scottish,SELECTED SOCIAL CHARACTERISTICS IN PUERTO RICO
DP02PR_0145,Estimate!!ANCESTRY!!Total population!!Slovak,SELECTED SOCIAL CHARACTERISTICS IN PUERTO RICO
DP02PR_0145P,Percent!!ANCESTRY!!Total population!!Slovak,SELECTED SOCIAL CHARACTERISTICS IN PUERTO RICO
DP02PR_0146,Estimate!!ANCESTRY!!Total population!!Subsaharan African,SELECTED SOCIAL CHARACTERISTICS IN PUERTO RICO
DP02PR_0146P,Percent!!ANCESTRY!!Total population!!Subsaharan African,SELECTED SOCIAL CHARACTERISTICS IN PUERTO RICO
DP02PR_0147,Estimate!!ANCESTRY!!Total population!!Swedish,SELECTED SOCIAL CHARACTERISTICS IN PUERTO RICO
DP02PR_0147P,Percent!!ANCESTRY!!Total population!!Swedish,SELECTED SOCIAL CHARACTERISTICS IN PUERTO RICO
DP02PR_0148,Estimate!!ANCESTRY!!Total population!!Swiss,SELECTED SOCIAL CHARACTERISTICS IN PUERTO RICO
DP02PR_0148P,Percent!!ANCESTRY!!Total population!!Swiss,SELECTED SOCIAL CHARACTERISTICS IN PUERTO RICO
DP02PR_0149,Estimate!!ANCESTRY!!Total population!!Ukrainian,SELECTED SOCIAL CHARACTERISTICS IN PUERTO RICO
DP02PR_0149P,Percent!!ANCESTRY!!Total population!!Ukrainian,SELECTED SOCIAL CHARACTERISTICS IN PUERTO RICO
DP02PR_0150,Estimate!!ANCESTRY!!Total population!!Welsh,SELECTED SOCIAL CHARACTERISTICS IN PUERTO RICO
DP02PR_0150P,Percent!!ANCESTRY!!Total population!!Welsh,SELECTED SOCIAL CHARACTERISTICS IN PUERTO RICO
DP02PR_0151,Estimate!!ANCESTRY!!Total population!!West Indian (excluding Hispanic origin groups),SELECTED SOCIAL CHARACTERISTICS IN PUERTO RICO
DP02PR_0151P,Percent!!ANCESTRY!!Total population!!West Indian (excluding Hispanic origin groups),SELECTED SOCIAL CHARACTERISTICS IN PUERTO RICO
DP02PR_0152,Estimate!!COMPUTERS AND INTERNET USE!!Total households,SELECTED SOCIAL CHARACTERISTICS IN PUERTO RICO
DP02PR_0152P,Percent!!COMPUTERS AND INTERNET USE!!Total households,SELECTED SOCIAL CHARACTERISTICS IN PUERTO RICO
DP02PR_0153,Estimate!!COMPUTERS AND INTERNET USE!!Total households!!With a computer,SELECTED SOCIAL CHARACTERISTICS IN PUERTO RICO
DP02PR_0153P,Percent!!COMPUTERS AND INTERNET USE!!Total households!!With a computer,SELECTED SOCIAL CHARACTERISTICS IN PUERTO RICO
DP02PR_0154,Estimate!!COMPUTERS AND INTERNET USE!!Total households!!With a broadband Internet subscription,SELECTED SOCIAL CHARACTERISTICS IN PUERTO RICO
DP02PR_0154P,Percent!!COMPUTERS AND INTERNET USE!!Total households!!With a broadband Internet subscription,SELECTED SOCIAL CHARACTERISTICS IN PUERTO RICO
DP02_0001,Estimate!!HOUSEHOLDS BY TYPE!!Total households,SELECTED SOCIAL CHARACTERISTICS IN THE UNITED STATES
DP02_0001P,Percent!!HOUSEHOLDS BY TYPE!!Total households,SELECTED SOCIAL CHARACTERISTICS IN THE UNITED STATES
DP02_0002,Estimate!!HOUSEHOLDS BY TYPE!!Total households!!Married-couple household,SELECTED SOCIAL CHARACTERISTICS IN THE UNITED STATES
DP02_0002P,Percent!!HOUSEHOLDS BY TYPE!!Total households!!Married-couple household,SELECTED SOCIAL CHARACTERISTICS IN THE UNITED STATES
DP02_0003,Estimate!!HOUSEHOLDS BY TYPE!!Total households!!Married-couple household!!With children of the householder under 18 years,SELECTED SOCIAL CHARACTERISTICS IN THE UNITED STATES
DP02_0003P,Percent!!HOUSEHOLDS BY TYPE!!Total households!!Married-couple household!!With children of the householder under 18 years,SELECTED SOCIAL CHARACTERISTICS IN THE UNITED STATES
DP02_0004,Estimate!!HOUSEHOLDS BY TYPE!!Total households!!Cohabiting couple household,SELECTED SOCIAL CHARACTERISTICS IN THE UNITED STATES
DP02_0004P,Percent!!HOUSEHOLDS BY TYPE!!Total households!!Cohabiting couple household,SELECTED SOCIAL CHARACTERISTICS IN THE UNITED STATES
DP02_0005,Estimate!!HOUSEHOLDS BY TYPE!!Total households!!Cohabiting couple household!!With children of the householder under 18 years,SELECTED SOCIAL CHARACTERISTICS IN THE UNITED STATES
DP02_0005P,Percent!!HOUSEHOLDS BY TYPE!!Total households!!Cohabiting couple household!!With children of the householder under 18 years,SELECTED SOCIAL CHARACTERISTICS IN THE UNITED STATES
DP02_0006,"Estimate!!HOUSEHOLDS BY TYPE!!Total households!!Male householder, no spouse/partner present",SELECTED SOCIAL CHARACTERISTICS IN THE UNITED STATES
DP02_0006P,"Percent!!HOUSEHOLDS BY TYPE!!Total households!!Male householder, no spouse/partner present",SELECTED SOCIAL CHARACTERISTICS IN THE UNITED STATES
DP02_0007,"Estimate!!HOUSEHOLDS BY TYPE!!Total households!!Male householder, no spouse/partner present!!With children of the householder under 18 years",SELECTED SOCIAL CHARACTERISTICS IN THE UNITED STATES
DP02_0007P,"Percent!!HOUSEHOLDS BY TYPE!!Total households!!Male householder, no spouse/partner present!!With children of the householder under 18 years",SELECTED SOCIAL CHARACTERISTICS IN THE UNITED STATES
DP02_0008,"Estimate!!HOUSEHOLDS BY TYPE!!Total households!!Male householder, no spouse/partner present!!Householder living alone",SELECTED SOCIAL CHARACTERISTICS IN THE UNITED STATES
DP02_0008P,"Percent!!HOUSEHOLDS BY TYPE!!Total households!!Male householder, no spouse/partner present!!Householder living alone",SELECTED SOCIAL CHARACTERISTICS IN THE UNITED STATES
DP02_0009,"Estimate!!HOUSEHOLDS BY TYPE!!Total households!!Male householder, no spouse/partner present!!Householder living alone!!65 years and over",SELECTED SOCIAL CHARACTERISTICS IN THE UNITED STATES
DP02_0009P,"Percent!!HOUSEHOLDS BY TYPE!!Total households!!Male householder, no spouse/partner present!!Householder living alone!!65 years and over",SELECTED SOCIAL CHARACTERISTICS IN THE UNITED STATES
DP02_0010,"Estimate!!HOUSEHOLDS BY TYPE!!Total households!!Female householder, no spouse/partner present",SELECTED SOCIAL CHARACTERISTICS IN THE UNITED STATES
DP02_0010P,"Percent!!HOUSEHOLDS BY TYPE!!Total households!!Female householder, no spouse/partner present",SELECTED SOCIAL CHARACTERISTICS IN THE UNITED STATES
DP02_0011,"Estimate!!HOUSEHOLDS BY TYPE!!Total households!!Female householder, no spouse/partner present!!With children of the householder under 18 years",SELECTED SOCIAL CHARACTERISTICS IN THE UNITED STATES
DP02_0011P,"Percent!!HOUSEHOLDS BY TYPE!!Total households!!Female householder, no spouse/partner present!!With children of the householder under 18 years",SELECTED SOCIAL CHARACTERISTICS IN THE UNITED STATES
DP02_0012,"Estimate!!HOUSEHOLDS BY TYPE!!Total households!!Female householder, no spouse/partner present!!Householder living alone",SELECTED SOCIAL CHARACTERISTICS IN THE UNITED STATES
DP02_0012P,"Percent!!HOUSEHOLDS BY TYPE!!Total households!!Female householder, no spouse/partner present!!Householder living alone",SELECTED SOCIAL CHARACTERISTICS IN THE UNITED STATES
DP02_0013,"Estimate!!HOUSEHOLDS BY TYPE!!Total households!!Female householder, no spouse/partner present!!Householder living alone!!65 years and over",SELECTED SOCIAL CHARACTERISTICS IN THE UNITED STATES
DP02_0013P,"Percent!!HOUSEHOLDS BY TYPE!!Total households!!Female householder, no spouse/partner present!!Householder living alone!!65 years and over",SELECTED SOCIAL CHARACTERISTICS IN THE UNITED STATES
DP02_0014,Estimate!!HOUSEHOLDS BY TYPE!!Total households!!Households with one or more people under 18 years,SELECTED SOCIAL CHARACTERISTICS IN THE UNITED STATES
DP02_0014P,Percent!!HOUSEHOLDS BY TYPE!!Total households!!Households with one or more people under 18 years,SELECTED SOCIAL CHARACTERISTICS IN THE UNITED STATES
DP02_0015,Estimate!!HOUSEHOLDS BY TYPE!!Total households!!Households with one or more people 65 years and over,SELECTED SOCIAL CHARACTERISTICS IN THE UNITED STATES
DP02_0015P,Percent!!HOUSEHOLDS BY TYPE!!Total households!!Households with one or more people 65 years and over,SELECTED SOCIAL CHARACTERISTICS IN THE UNITED STATES
DP02_0016,Estimate!!HOUSEHOLDS BY TYPE!!Total households!!Average household size,SELECTED SOCIAL CHARACTERISTICS IN THE UNITED STATES
DP02_0016P,Percent!!HOUSEHOLDS BY TYPE!!Total households!!Average household size,SELECTED SOCIAL CHARACTERISTICS IN THE UNITED STATES
DP02_0017,Estimate!!HOUSEHOLDS BY TYPE!!Total households!!Average family size,SELECTED SOCIAL CHARACTERISTICS IN THE UNITED STATES
DP02_0017P,Percent!!HOUSEHOLDS BY TYPE!!Total households!!Average family size,SELECTED SOCIAL CHARACTERISTICS IN THE UNITED STATES
DP02_0018,Estimate!!RELATIONSHIP!!Population in households,SELECTED SOCIAL CHARACTERISTICS IN THE UNITED STATES
DP02_0018P,Percent!!RELATIONSHIP!!Population in households,SELECTED SOCIAL CHARACTERISTICS IN THE UNITED STATES
DP02_0019,Estimate!!RELATIONSHIP!!Population in households!!Householder,SELECTED SOCIAL CHARACTERISTICS IN THE UNITED STATES
DP02_0019P,Percent!!RELATIONSHIP!!Population in households!!Householder,SELECTED SOCIAL CHARACTERISTICS IN THE UNITED STATES
DP02_0020,Estimate!!RELATIONSHIP!!Population in households!!Spouse,SELECTED SOCIAL CHARACTERISTICS IN THE UNITED STATES
DP02_0020P,Percent!!RELATIONSHIP!!Population in households!!Spouse,SELECTED SOCIAL CHARACTERISTICS IN THE UNITED STATES
DP02_0021,Estimate!!RELATIONSHIP!!Population in households!!Unmarried partner,SELECTED SOCIAL CHARACTERISTICS IN THE UNITED STATES
DP02_0021P,Percent!!RELATIONSHIP!!Population in households!!Unmarried partner,SELECTED SOCIAL CHARACTERISTICS IN THE UNITED STATES
DP02_0022,Estimate!!RELATIONSHIP!!Population in households!!Child,SELECTED SOCIAL CHARACTERISTICS IN THE UNITED STATES
DP02_0022P,Percent!!RELATIONSHIP!!Population in households!!Child,SELECTED SOCIAL CHARACTERISTICS IN THE UNITED STATES
DP02_0023,Estimate!!RELATIONSHIP!!Population in households!!Other relatives,SELECTED SOCIAL CHARACTERISTICS IN THE UNITED STATES
DP02_0023P,Percent!!RELATIONSHIP!!Population in households!!Other relatives,SELECTED SOCIAL CHARACTERISTICS IN THE UNITED STATES
DP02_0024,Estimate!!RELATIONSHIP!!Population in households!!Other nonrelatives,SELECTED SOCIAL CHARACTERISTICS IN THE UNITED STATES
DP02_0024P,Percent!!RELATIONSHIP!!Population in households!!Other nonrelatives,SELECTED SOCIAL CHARACTERISTICS IN THE UNITED STATES
DP02_0025,Estimate!!MARITAL STATUS!!Males 15 years and over,SELECTED SOCIAL CHARACTERISTICS IN THE UNITED STATES
DP02_0025P,Percent!!MARITAL STATUS!!Males 15 years and over,SELECTED SOCIAL CHARACTERISTICS IN THE UNITED STATES
DP02_0026,Estimate!!MARITAL STATUS!!Males 15 years and over!!Never married,SELECTED SOCIAL CHARACTERISTICS IN THE UNITED STATES
DP02_0026P,Percent!!MARITAL STATUS!!Males 15 years and over!!Never married,SELECTED SOCIAL CHARACTERISTICS IN THE UNITED STATES
DP02_0027,"Estimate!!MARITAL STATUS!!Males 15 years and over!!Now married, except separated",SELECTED SOCIAL CHARACTERISTICS IN THE UNITED STATES
DP02_0027P,"Percent!!MARITAL STATUS!!Males 15 years and over!!Now married, except separated",SELECTED SOCIAL CHARACTERISTICS IN THE UNITED STATES
DP02_0028,Estimate!!MARITAL STATUS!!Males 15 years and over!!Separated,SELECTED SOCIAL CHARACTERISTICS IN THE UNITED STATES
DP02_0028P,Percent!!MARITAL STATUS!!Males 15 years and over!!Separated,SELECTED SOCIAL CHARACTERISTICS IN THE UNITED STATES
DP02_0029,Estimate!!MARITAL STATUS!!Males 15 years and over!!Widowed,SELECTED SOCIAL CHARACTERISTICS IN THE UNITED STATES
DP02_0029P,Percent!!MARITAL STATUS!!Males 15 years and over!!Widowed,SELECTED SOCIAL CHARACTERISTICS IN THE UNITED STATES
DP02_0030,Estimate!!MARITAL STATUS!!Males 15 years and over!!Divorced,SELECTED SOCIAL CHARACTERISTICS IN THE UNITED STATES
DP02_0030P,Percent!!MARITAL STATUS!!Males 15 years and over!!Divorced,SELECTED SOCIAL CHARACTERISTICS IN THE UNITED STATES
DP02_0031,Estimate!!MARITAL STATUS!!Females 15 years and over,SELECTED SOCIAL CHARACTERISTICS IN THE UNITED STATES
DP02_0031P,Percent!!MARITAL STATUS!!Females 15 years and over,SELECTED SOCIAL CHARACTERISTICS IN THE UNITED STATES
DP02_0032,Estimate!!MARITAL STATUS!!Females 15 years and over!!Never married,SELECTED SOCIAL CHARACTERISTICS IN THE UNITED STATES
DP02_0032P,Percent!!MARITAL STATUS!!Females 15 years and over!!Never married,SELECTED SOCIAL CHARACTERISTICS IN THE UNITED STATES
DP02_0033,"Estimate!!MARITAL STATUS!!Females 15 years and over!!Now married, except separated",SELECTED SOCIAL CHARACTERISTICS IN THE UNITED STATES
DP02_0033P,"Percent!!MARITAL STATUS!!Females 15 years and over!!Now married, except separated",SELECTED SOCIAL CHARACTERISTICS IN THE UNITED STATES
DP02_0034,Estimate!!MARITAL STATUS!!Females 15 years and over!!Separated,SELECTED SOCIAL CHARACTERISTICS IN THE UNITED STATES
DP02_0034P,Percent!!MARITAL STATUS!!Females 15 years and over!!Separated,SELECTED SOCIAL CHARACTERISTICS IN THE UNITED STATES
DP02_0035,Estimate!!MARITAL STATUS!!Females 15 years and over!!Widowed,SELECTED SOCIAL CHARACTERISTICS IN THE UNITED STATES
DP02_0035P,Percent!!MARITAL STATUS!!Females 15 years and over!!Widowed,SELECTED SOCIAL CHARACTERISTICS IN THE UNITED STATES
DP02_0036,Estimate!!MARITAL STATUS!!Females 15 years and over!!Divorced,SELECTED SOCIAL CHARACTERISTICS IN THE UNITED STATES
DP02_0036P,Percent!!MARITAL STATUS!!Females 15 years and over!!Divorced,SELECTED SOCIAL CHARACTERISTICS IN THE UNITED STATES
DP02_0037,Estimate!!FERTILITY!!Number of women 15 to 50 years old who had a birth in the past 12 months,SELECTED SOCIAL CHARACTERISTICS IN THE UNITED STATES
DP02_0037P,Percent!!FERTILITY!!Number of women 15 to 50 years old who had a birth in the past 12 months,SELECTED SOCIAL CHARACTERISTICS IN THE UNITED STATES
DP02_0038,"Estimate!!FERTILITY!!Number of women 15 to 50 years old who had a birth in the past 12 months!!Unmarried women (widowed, divorced, and never married)",SELECTED SOCIAL CHARACTERISTICS IN THE UNITED STATES
DP02_0038P,"Percent!!FERTILITY!!Number of women 15 to 50 years old who had a birth in the past 12 months!!Unmarried women (widowed, divorced, and never married)",SELECTED SOCIAL CHARACTERISTICS IN THE UNITED STATES
DP02_0039,"Estimate!!FERTILITY!!Number of women 15 to 50 years old who had a birth in the past 12 months!!Unmarried women (widowed, divorced, and never married)!!Per 1,000 unmarried women",SELECTED SOCIAL CHARACTERISTICS IN THE UNITED STATES
DP02_0039P,"Percent!!FERTILITY!!Number of women 15 to 50 years old who had a birth in the past 12 months!!Unmarried women (widowed, divorced, and never married)!!Per 1,000 unmarried women",SELECTED SOCIAL CHARACTERISTICS IN THE UNITED STATES
DP02_0040,"Estimate!!FERTILITY!!Number of women 15 to 50 years old who had a birth in the past 12 months!!Per 1,000 women 15 to 50 years old",SELECTED SOCIAL CHARACTERISTICS IN THE UNITED STATES
DP02_0040P,"Percent!!FERTILITY!!Number of women 15 to 50 years old who had a birth in the past 12 months!!Per 1,000 women 15 to 50 years old",SELECTED SOCIAL CHARACTERISTICS IN THE UNITED STATES
DP02_0041,"Estimate!!FERTILITY!!Number of women 15 to 50 years old who had a birth in the past 12 months!!Per 1,000 women 15 to 19 years old",SELECTED SOCIAL CHARACTERISTICS IN THE UNITED STATES
DP02_0041P,"Percent!!FERTILITY!!Number of women 15 to 50 years old who had a birth in the past 12 months!!Per 1,000 women 15 to 19 years old",SELECTED SOCIAL CHARACTERISTICS IN THE UNITED STATES
DP02_0042,"Estimate!!FERTILITY!!Number of women 15 to 50 years old who had a birth in the past 12 months!!Per 1,000 women 20 to 34 years old",SELECTED SOCIAL CHARACTERISTICS IN THE UNITED STATES
DP02_0042P,"Percent!!FERTILITY!!Number of women 15 to 50 years old who had a birth in the past 12 months!!Per 1,000 women 20 to 34 years old",SELECTED SOCIAL CHARACTERISTICS IN THE UNITED STATES
DP02_0043,"Estimate!!FERTILITY!!Number of women 15 to 50 years old who had a birth in the past 12 months!!Per 1,000 women 35 to 50 years old",SELECTED SOCIAL CHARACTERISTICS IN THE UNITED STATES
DP02_0043P,"Percent!!FERTILITY!!Number of women 15 to 50 years old who had a birth in the past 12 months!!Per 1,000 women 35 to 50 years old",SELECTED SOCIAL CHARACTERISTICS IN THE UNITED STATES
DP02_0044,Estimate!!GRANDPARENTS!!Number of grandparents living with own grandchildren under 18 years,SELECTED SOCIAL CHARACTERISTICS IN THE UNITED STATES
DP02_0044P,Percent!!GRANDPARENTS!!Number of grandparents living with own grandchildren under 18 years,SELECTED SOCIAL CHARACTERISTICS IN THE UNITED STATES
DP02_0045,Estimate!!GRANDPARENTS!!Number of grandparents living with own grandchildren under 18 years!!Grandparents responsible for grandchildren,SELECTED SOCIAL CHARACTERISTICS IN THE UNITED STATES
DP02_0045P,Percent!!GRANDPARENTS!!Number of grandparents living with own grandchildren under 18 years!!Grandparents responsible for grandchildren,SELECTED SOCIAL CHARACTERISTICS IN THE UNITED STATES
DP02_0046,Estimate!!GRANDPARENTS!!Number of grandparents living with own grandchildren under 18 years!!Years responsible for grandchildren!!Less than 1 year,SELECTED SOCIAL CHARACTERISTICS IN THE UNITED STATES
DP02_0046P,Percent!!GRANDPARENTS!!Number of grandparents living with own grandchildren under 18 years!!Years responsible for grandchildren!!Less than 1 year,SELECTED SOCIAL CHARACTERISTICS IN THE UNITED STATES
DP02_0047,Estimate!!GRANDPARENTS!!Number of grandparents living with own grandchildren under 18 years!!Years responsible for grandchildren!!1 or 2 years,SELECTED SOCIAL CHARACTERISTICS IN THE UNITED STATES
DP02_0047P,Percent!!GRANDPARENTS!!Number of grandparents living with own grandchildren under 18 years!!Years responsible for grandchildren!!1 or 2 years,SELECTED SOCIAL CHARACTERISTICS IN THE UNITED STATES
DP02_0048,Estimate!!GRANDPARENTS!!Number of grandparents living with own grandchildren under 18 years!!Years responsible for grandchildren!!3 or 4 years,SELECTED SOCIAL CHARACTERISTICS IN THE UNITED STATES
DP02_0048P,Percent!!GRANDPARENTS!!Number of grandparents living with own grandchildren under 18 years!!Years responsible for grandchildren!!3 or 4 years,SELECTED SOCIAL CHARACTERISTICS IN THE UNITED STATES
DP02_0049,Estimate!!GRANDPARENTS!!Number of grandparents living with own grandchildren under 18 years!!Years responsible for grandchildren!!5 or more years,SELECTED SOCIAL CHARACTERISTICS IN THE UNITED STATES
DP02_0049P,Percent!!GRANDPARENTS!!Number of grandparents living with own grandchildren under 18 years!!Years responsible for grandchildren!!5 or more years,SELECTED SOCIAL CHARACTERISTICS IN THE UNITED STATES
DP02_0050,Estimate!!GRANDPARENTS!!Number of grandparents responsible for own grandchildren under 18 years,SELECTED SOCIAL CHARACTERISTICS IN THE UNITED STATES
DP02_0050P,Percent!!GRANDPARENTS!!Number of grandparents responsible for own grandchildren under 18 years,SELECTED SOCIAL CHARACTERISTICS IN THE UNITED STATES
DP02_0051,Estimate!!GRANDPARENTS!!Number of grandparents responsible for own grandchildren under 18 years!!Who are female,SELECTED SOCIAL CHARACTERISTICS IN THE UNITED STATES
DP02_0051P,Percent!!GRANDPARENTS!!Number of grandparents responsible for own grandchildren under 18 years!!Who are female,SELECTED SOCIAL CHARACTERISTICS IN THE UNITED STATES
DP02_0052,Estimate!!GRANDPARENTS!!Number of grandparents responsible for own grandchildren under 18 years!!Who are married,SELECTED SOCIAL CHARACTERISTICS IN THE UNITED STATES
DP02_0052P,Percent!!GRANDPARENTS!!Number of grandparents responsible for own grandchildren under 18 years!!Who are married,SELECTED SOCIAL CHARACTERISTICS IN THE UNITED STATES
DP02_0053,Estimate!!SCHOOL ENROLLMENT!!Population 3 years and over enrolled in school,SELECTED SOCIAL CHARACTERISTICS IN THE UNITED STATES
DP02_0053P,Percent!!SCHOOL ENROLLMENT!!Population 3 years and over enrolled in school,SELECTED SOCIAL CHARACTERISTICS IN THE UNITED STATES
DP02_0054,"Estimate!!SCHOOL ENROLLMENT!!Population 3 years and over enrolled in school!!Nursery school, preschool",SELECTED SOCIAL CHARACTERISTICS IN THE UNITED STATES
DP02_0054P,"Percent!!SCHOOL ENROLLMENT!!Population 3 years and over enrolled in school!!Nursery school, preschool",SELECTED SOCIAL CHARACTERISTICS IN THE UNITED STATES
DP02_0055,Estimate!!SCHOOL ENROLLMENT!!Population 3 years and over enrolled in school!!Kindergarten,SELECTED SOCIAL CHARACTERISTICS IN THE UNITED STATES
DP02_0055P,Percent!!SCHOOL ENROLLMENT!!Population 3 years and over enrolled in school!!Kindergarten,SELECTED SOCIAL CHARACTERISTICS IN THE UNITED STATES
DP02_0056,Estimate!!SCHOOL ENROLLMENT!!Population 3 years and over enrolled in school!!Elementary school (grades 1-8),SELECTED SOCIAL CHARACTERISTICS IN THE UNITED STATES
DP02_0056P,Percent!!SCHOOL ENROLLMENT!!Population 3 years and over enrolled in school!!Elementary school (grades 1-8),SELECTED SOCIAL CHARACTERISTICS IN THE UNITED STATES
DP02_0057,Estimate!!SCHOOL ENROLLMENT!!Population 3 years and over enrolled in school!!High school (grades 9-12),SELECTED SOCIAL CHARACTERISTICS IN THE UNITED STATES
DP02_0057P,Percent!!SCHOOL ENROLLMENT!!Population 3 years and over enrolled in school!!High school (grades 9-12),SELECTED SOCIAL CHARACTERISTICS IN THE UNITED STATES
DP02_0058,Estimate!!SCHOOL ENROLLMENT!!Population 3 years and over enrolled in school!!College or graduate school,SELECTED SOCIAL CHARACTERISTICS IN THE UNITED STATES
DP02_0058P,Percent!!SCHOOL ENROLLMENT!!Population 3 years and over enrolled in school!!College or graduate school,SELECTED SOCIAL CHARACTERISTICS IN THE UNITED STATES
DP02_0059,Estimate!!EDUCATIONAL ATTAINMENT!!Population 25 years and over,SELECTED SOCIAL CHARACTERISTICS IN THE UNITED STATES
DP02_0059P,Percent!!EDUCATIONAL ATTAINMENT!!Population 25 years and over,SELECTED SOCIAL CHARACTERISTICS IN THE UNITED STATES
DP02_0060,Estimate!!EDUCATIONAL ATTAINMENT!!Population 25 years and over!!Less than 9th grade,SELECTED SOCIAL CHARACTERISTICS IN THE UNITED STATES
DP02_0060P,Percent!!EDUCATIONAL ATTAINMENT!!Population 25 years and over!!Less than 9th grade,SELECTED SOCIAL CHARACTERISTICS IN THE UNITED STATES
DP02_0061,"Estimate!!EDUCATIONAL ATTAINMENT!!Population 25 years and over!!9th to 12th grade, no diploma",SELECTED SOCIAL CHARACTERISTICS IN THE UNITED STATES
DP02_0061P,"Percent!!EDUCATIONAL ATTAINMENT!!Population 25 years and over!!9th to 12th grade, no diploma",SELECTED SOCIAL CHARACTERISTICS IN THE UNITED STATES
DP02_0062,Estimate!!EDUCATIONAL ATTAINMENT!!Population 25 years and over!!High school graduate (includes equivalency),SELECTED SOCIAL CHARACTERISTICS IN THE UNITED STATES
DP02_0062P,Percent!!EDUCATIONAL ATTAINMENT!!Population 25 years and over!!High school graduate (includes equivalency),SELECTED SOCIAL CHARACTERISTICS IN THE UNITED STATES
DP02_0063,"Estimate!!EDUCATIONAL ATTAINMENT!!Population 25 years and over!!Some college, no degree",SELECTED SOCIAL CHARACTERISTICS IN THE UNITED STATES
DP02_0063P,"Percent!!EDUCATIONAL ATTAINMENT!!Population 25 years and over!!Some college, no degree",SELECTED SOCIAL CHARACTERISTICS IN THE UNITED STATES
DP02_0064,Estimate!!EDUCATIONAL ATTAINMENT!!Population 25 years and over!!Associate's degree,SELECTED SOCIAL CHARACTERISTICS IN THE UNITED STATES
DP02_0064P,Percent!!EDUCATIONAL ATTAINMENT!!Population 25 years and over!!Associate's degree,SELECTED SOCIAL CHARACTERISTICS IN THE UNITED STATES
DP02_0065,Estimate!!EDUCATIONAL ATTAINMENT!!Population 25 years and over!!Bachelor's degree,SELECTED SOCIAL CHARACTERISTICS IN THE UNITED STATES
DP02_0065P,Percent!!EDUCATIONAL ATTAINMENT!!Population 25 years and over!!Bachelor's degree,SELECTED SOCIAL CHARACTERISTICS IN THE UNITED STATES
DP02_0066,Estimate!!EDUCATIONAL ATTAINMENT!!Population 25 years and over!!Graduate or professional degree,SELECTED SOCIAL CHARACTERISTICS IN THE UNITED STATES
DP02_0066P,Percent!!EDUCATIONAL ATTAINMENT!!Population 25 years and over!!Graduate or professional degree,SELECTED SOCIAL CHARACTERISTICS IN THE UNITED STATES
DP02_0067,Estimate!!EDUCATIONAL ATTAINMENT!!Population 25 years and over!!High school graduate or higher,SELECTED SOCIAL CHARACTERISTICS IN THE UNITED STATES
DP02_0067P,Percent!!EDUCATIONAL ATTAINMENT!!Population 25 years and over!!High school graduate or higher,SELECTED SOCIAL CHARACTERISTICS IN THE UNITED STATES
DP02_0068,Estimate!!EDUCATIONAL ATTAINMENT!!Population 25 years and over!!Bachelor's degree or higher,SELECTED SOCIAL CHARACTERISTICS IN THE UNITED STATES
DP02_0068P,Percent!!EDUCATIONAL ATTAINMENT!!Population 25 years and over!!Bachelor's degree or higher,SELECTED SOCIAL CHARACTERISTICS IN THE UNITED STATES
DP02_0069,Estimate!!VETERAN STATUS!!Civilian population 18 years and over,SELECTED SOCIAL CHARACTERISTICS IN THE UNITED STATES
DP02_0069P,Percent!!VETERAN STATUS!!Civilian population 18 years and over,SELECTED SOCIAL CHARACTERISTICS IN THE UNITED STATES
DP02_0070,Estimate!!VETERAN STATUS!!Civilian population 18 years and over!!Civilian veterans,SELECTED SOCIAL CHARACTERISTICS IN THE UNITED STATES
DP02_0070P,Percent!!VETERAN STATUS!!Civilian population 18 years and over!!Civilian veterans,SELECTED SOCIAL CHARACTERISTICS IN THE UNITED STATES
DP02_0071,Estimate!!DISABILITY STATUS OF THE CIVILIAN NONINSTITUTIONALIZED POPULATION!!Total Civilian Noninstitutionalized Population,SELECTED SOCIAL CHARACTERISTICS IN THE UNITED STATES
DP02_0071P,Percent!!DISABILITY STATUS OF THE CIVILIAN NONINSTITUTIONALIZED POPULATION!!Total Civilian Noninstitutionalized Population,SELECTED SOCIAL CHARACTERISTICS IN THE UNITED STATES
DP02_0072,Estimate!!DISABILITY STATUS OF THE CIVILIAN NONINSTITUTIONALIZED POPULATION!!Total Civilian Noninstitutionalized Population!!With a disability,SELECTED SOCIAL CHARACTERISTICS IN THE UNITED STATES
DP02_0072P,Percent!!DISABILITY STATUS OF THE CIVILIAN NONINSTITUTIONALIZED POPULATION!!Total Civilian Noninstitutionalized Population!!With a disability,SELECTED SOCIAL CHARACTERISTICS IN THE UNITED STATES
DP02_0073,Estimate!!DISABILITY STATUS OF THE CIVILIAN NONINSTITUTIONALIZED POPULATION!!Under 18 years,SELECTED SOCIAL CHARACTERISTICS IN THE UNITED STATES
DP02_0073P,Percent!!DISABILITY STATUS OF THE CIVILIAN NONINSTITUTIONALIZED POPULATION!!Under 18 years,SELECTED SOCIAL CHARACTERISTICS IN THE UNITED STATES
DP02_0074,Estimate!!DISABILITY STATUS OF THE CIVILIAN NONINSTITUTIONALIZED POPULATION!!Under 18 years!!With a disability,SELECTED SOCIAL CHARACTERISTICS IN THE UNITED STATES
DP02_0074P,Percent!!DISABILITY STATUS OF THE CIVILIAN NONINSTITUTIONALIZED POPULATION!!Under 18 years!!With a disability,SELECTED SOCIAL CHARACTERISTICS IN THE UNITED STATES
DP02_0075,Estimate!!DISABILITY STATUS OF THE CIVILIAN NONINSTITUTIONALIZED POPULATION!!18 to 64 years,SELECTED SOCIAL CHARACTERISTICS IN THE UNITED STATES
DP02_0075P,Percent!!DISABILITY STATUS OF THE CIVILIAN NONINSTITUTIONALIZED POPULATION!!18 to 64 years,SELECTED SOCIAL CHARACTERISTICS IN THE UNITED STATES
DP02_0076,Estimate!!DISABILITY STATUS OF THE CIVILIAN NONINSTITUTIONALIZED POPULATION!!18 to 64 years!!With a disability,SELECTED SOCIAL CHARACTERISTICS IN THE UNITED STATES
DP02_0076P,Percent!!DISABILITY STATUS OF THE CIVILIAN NONINSTITUTIONALIZED POPULATION!!18 to 64 years!!With a disability,SELECTED SOCIAL CHARACTERISTICS IN THE UNITED STATES
DP02_0077,Estimate!!DISABILITY STATUS OF THE CIVILIAN NONINSTITUTIONALIZED POPULATION!!65 years and over,SELECTED SOCIAL CHARACTERISTICS IN THE UNITED STATES
DP02_0077P,Percent!!DISABILITY STATUS OF THE CIVILIAN NONINSTITUTIONALIZED POPULATION!!65 years and over,SELECTED SOCIAL CHARACTERISTICS IN THE UNITED STATES
DP02_0078,Estimate!!DISABILITY STATUS OF THE CIVILIAN NONINSTITUTIONALIZED POPULATION!!65 years and over!!With a disability,SELECTED SOCIAL CHARACTERISTICS IN THE UNITED STATES
DP02_0078P,Percent!!DISABILITY STATUS OF THE CIVILIAN NONINSTITUTIONALIZED POPULATION!!65 years and over!!With a disability,SELECTED SOCIAL CHARACTERISTICS IN THE UNITED STATES
DP02_0079,Estimate!!RESIDENCE 1 YEAR AGO!!Population 1 year and over,SELECTED SOCIAL CHARACTERISTICS IN THE UNITED STATES
DP02_0079P,Percent!!RESIDENCE 1 YEAR AGO!!Population 1 year and over,SELECTED SOCIAL CHARACTERISTICS IN THE UNITED STATES
DP02_0080,Estimate!!RESIDENCE 1 YEAR AGO!!Population 1 year and over!!Same house,SELECTED SOCIAL CHARACTERISTICS IN THE UNITED STATES
DP02_0080P,Percent!!RESIDENCE 1 YEAR AGO!!Population 1 year and over!!Same house,SELECTED SOCIAL CHARACTERISTICS IN THE UNITED STATES
DP02_0081,Estimate!!RESIDENCE 1 YEAR AGO!!Population 1 year and over!!Different house (in the U.S. or abroad),SELECTED SOCIAL CHARACTERISTICS IN THE UNITED STATES
DP02_0081P,Percent!!RESIDENCE 1 YEAR AGO!!Population 1 year and over!!Different house (in the U.S. or abroad),SELECTED SOCIAL CHARACTERISTICS IN THE UNITED STATES
DP02_0082,Estimate!!RESIDENCE 1 YEAR AGO!!Population 1 year and over!!Different house (in the U.S. or abroad)!!Different house in the U.S.,SELECTED SOCIAL CHARACTERISTICS IN THE UNITED STATES
DP02_0082P,Percent!!RESIDENCE 1 YEAR AGO!!Population 1 year and over!!Different house (in the U.S. or abroad)!!Different house in the U.S.,SELECTED SOCIAL CHARACTERISTICS IN THE UNITED STATES
DP02_0083,Estimate!!RESIDENCE 1 YEAR AGO!!Population 1 year and over!!Different house (in the U.S. or abroad)!!Different house in the U.S.!!Same county,SELECTED SOCIAL CHARACTERISTICS IN THE UNITED STATES
DP02_0083P,Percent!!RESIDENCE 1 YEAR AGO!!Population 1 year and over!!Different house (in the U.S. or abroad)!!Different house in the U.S.!!Same county,SELECTED SOCIAL CHARACTERISTICS IN THE UNITED STATES
DP02_0084,Estimate!!RESIDENCE 1 YEAR AGO!!Population 1 year and over!!Different house (in the U.S. or abroad)!!Different house in the U.S.!!Different county,SELECTED SOCIAL CHARACTERISTICS IN THE UNITED STATES
DP02_0084P,Percent!!RESIDENCE 1 YEAR AGO!!Population 1 year and over!!Different house (in the U.S. or abroad)!!Different house in the U.S.!!Different county,SELECTED SOCIAL CHARACTERISTICS IN THE UNITED STATES
DP02_0085,Estimate!!RESIDENCE 1 YEAR AGO!!Population 1 year and over!!Different house (in the U.S. or abroad)!!Different house in the U.S.!!Different county!!Same state,SELECTED SOCIAL CHARACTERISTICS IN THE UNITED STATES
DP02_0085P,Percent!!RESIDENCE 1 YEAR AGO!!Population 1 year and over!!Different house (in the U.S. or abroad)!!Different house in the U.S.!!Different county!!Same state,SELECTED SOCIAL CHARACTERISTICS IN THE UNITED STATES
DP02_0086,Estimate!!RESIDENCE 1 YEAR AGO!!Population 1 year and over!!Different house (in the U.S. or abroad)!!Different house in the U.S.!!Different county!!Different state,SELECTED SOCIAL CHARACTERISTICS IN THE UNITED STATES
DP02_0086P,Percent!!RESIDENCE 1 YEAR AGO!!Population 1 year and over!!Different house (in the U.S. or abroad)!!Different house in the U.S.!!Different county!!Different state,SELECTED SOCIAL CHARACTERISTICS IN THE UNITED STATES
DP02_0087,Estimate!!RESIDENCE 1 YEAR AGO!!Population 1 year and over!!Different house (in the U.S. or abroad)!!Abroad,SELECTED SOCIAL CHARACTERISTICS IN THE UNITED STATES
DP02_0087P,Percent!!RESIDENCE 1 YEAR AGO!!Population 1 year and over!!Different house (in the U.S. or abroad)!!Abroad,SELECTED SOCIAL CHARACTERISTICS IN THE UNITED STATES
DP02_0088,Estimate!!PLACE OF BIRTH!!Total population,SELECTED SOCIAL CHARACTERISTICS IN THE UNITED STATES
DP02_0088P,Percent!!PLACE OF BIRTH!!Total population,SELECTED SOCIAL CHARACTERISTICS IN THE UNITED STATES
DP02_0089,Estimate!!PLACE OF BIRTH!!Total population!!Native,SELECTED SOCIAL CHARACTERISTICS IN THE UNITED STATES
DP02_0089P,Percent!!PLACE OF BIRTH!!Total population!!Native,SELECTED SOCIAL CHARACTERISTICS IN THE UNITED STATES
DP02_0090,Estimate!!PLACE OF BIRTH!!Total population!!Native!!Born in United States,SELECTED SOCIAL CHARACTERISTICS IN THE UNITED STATES
DP02_0090P,Percent!!PLACE OF BIRTH!!Total population!!Native!!Born in United States,SELECTED SOCIAL CHARACTERISTICS IN THE UNITED STATES
DP02_0091,Estimate!!PLACE OF BIRTH!!Total population!!Native!!Born in United States!!State of residence,SELECTED SOCIAL CHARACTERISTICS IN THE UNITED STATES
DP02_0091P,Percent!!PLACE OF BIRTH!!Total population!!Native!!Born in United States!!State of residence,SELECTED SOCIAL CHARACTERISTICS IN THE UNITED STATES
DP02_0092,Estimate!!PLACE OF BIRTH!!Total population!!Native!!Born in United States!!Different state,SELECTED SOCIAL CHARACTERISTICS IN THE UNITED STATES
DP02_0092P,Percent!!PLACE OF BIRTH!!Total population!!Native!!Born in United States!!Different state,SELECTED SOCIAL CHARACTERISTICS IN THE UNITED STATES
DP02_0093,"Estimate!!PLACE OF BIRTH!!Total population!!Native!!Born in Puerto Rico, U.S. Island areas, or born abroad to American parent(s)",SELECTED SOCIAL CHARACTERISTICS IN THE UNITED STATES
DP02_0093P,"Percent!!PLACE OF BIRTH!!Total population!!Native!!Born in Puerto Rico, U.S. Island areas, or born abroad to American parent(s)",SELECTED SOCIAL CHARACTERISTICS IN THE UNITED STATES
DP02_0094,Estimate!!PLACE OF BIRTH!!Total population!!Foreign born,SELECTED SOCIAL CHARACTERISTICS IN THE UNITED STATES
DP02_0094P,Percent!!PLACE OF BIRTH!!Total population!!Foreign born,SELECTED SOCIAL CHARACTERISTICS IN THE UNITED STATES
DP02_0095,Estimate!!U.S. CITIZENSHIP STATUS!!Foreign-born population,SELECTED SOCIAL CHARACTERISTICS IN THE UNITED STATES
DP02_0095P,Percent!!U.S. CITIZENSHIP STATUS!!Foreign-born population,SELECTED SOCIAL CHARACTERISTICS IN THE UNITED STATES
DP02_0096,Estimate!!U.S. CITIZENSHIP STATUS!!Foreign-born population!!Naturalized U.S. citizen,SELECTED SOCIAL CHARACTERISTICS IN THE UNITED STATES
DP02_0096P,Percent!!U.S. CITIZENSHIP STATUS!!Foreign-born population!!Naturalized U.S. citizen,SELECTED SOCIAL CHARACTERISTICS IN THE UNITED STATES
DP02_0097,Estimate!!U.S. CITIZENSHIP STATUS!!Foreign-born population!!Not a U.S. citizen,SELECTED SOCIAL CHARACTERISTICS IN THE UNITED STATES
DP02_0097P,Percent!!U.S. CITIZENSHIP STATUS!!Foreign-born population!!Not a U.S. citizen,SELECTED SOCIAL CHARACTERISTICS IN THE UNITED STATES
DP02_0098,Estimate!!YEAR OF ENTRY!!Population born outside the United States,SELECTED SOCIAL CHARACTERISTICS IN THE UNITED STATES
DP02_0098P,Percent!!YEAR OF ENTRY!!Population born outside the United States,SELECTED SOCIAL CHARACTERISTICS IN THE UNITED STATES
DP02_0099,Estimate!!YEAR OF ENTRY!!Population born outside the United States!!Native,SELECTED SOCIAL CHARACTERISTICS IN THE UNITED STATES
DP02_0099P,Percent!!YEAR OF ENTRY!!Population born outside the United States!!Native,SELECTED SOCIAL CHARACTERISTICS IN THE UNITED STATES
DP02_0100,Estimate!!YEAR OF ENTRY!!Population born outside the United States!!Native!!Entered 2010 or later,SELECTED SOCIAL CHARACTERISTICS IN THE UNITED STATES
DP02_0100P,Percent!!YEAR OF ENTRY!!Population born outside the United States!!Native!!Entered 2010 or later,SELECTED SOCIAL CHARACTERISTICS IN THE UNITED STATES
DP02_0101,Estimate!!YEAR OF ENTRY!!Population born outside the United States!!Native!!Entered before 2010,SELECTED SOCIAL CHARACTERISTICS IN THE UNITED STATES
DP02_0101P,Percent!!YEAR OF ENTRY!!Population born outside the United States!!Native!!Entered before 2010,SELECTED SOCIAL CHARACTERISTICS IN THE UNITED STATES
DP02_0102,Estimate!!YEAR OF ENTRY!!Population born outside the United States!!Foreign born,SELECTED SOCIAL CHARACTERISTICS IN THE UNITED STATES
DP02_0102P,Percent!!YEAR OF ENTRY!!Population born outside the United States!!Foreign born,SELECTED SOCIAL CHARACTERISTICS IN THE UNITED STATES
DP02_0103,Estimate!!YEAR OF ENTRY!!Population born outside the United States!!Foreign born!!Entered 2010 or later,SELECTED SOCIAL CHARACTERISTICS IN THE UNITED STATES
DP02_0103P,Percent!!YEAR OF ENTRY!!Population born outside the United States!!Foreign born!!Entered 2010 or later,SELECTED SOCIAL CHARACTERISTICS IN THE UNITED STATES
DP02_0104,Estimate!!YEAR OF ENTRY!!Population born outside the United States!!Foreign born!!Entered before 2010,SELECTED SOCIAL CHARACTERISTICS IN THE UNITED STATES
DP02_0104P,Percent!!YEAR OF ENTRY!!Population born outside the United States!!Foreign born!!Entered before 2010,SELECTED SOCIAL CHARACTERISTICS IN THE UNITED STATES
DP02_0105,"Estimate!!WORLD REGION OF BIRTH OF FOREIGN BORN!!Foreign-born population, excluding population born at sea",SELECTED SOCIAL CHARACTERISTICS IN THE UNITED STATES
DP02_0105P,"Percent!!WORLD REGION OF BIRTH OF FOREIGN BORN!!Foreign-born population, excluding population born at sea",SELECTED SOCIAL CHARACTERISTICS IN THE UNITED STATES
DP02_0106,"Estimate!!WORLD REGION OF BIRTH OF FOREIGN BORN!!Foreign-born population, excluding population born at sea!!Europe",SELECTED SOCIAL CHARACTERISTICS IN THE UNITED STATES
DP02_0106P,"Percent!!WORLD REGION OF BIRTH OF FOREIGN BORN!!Foreign-born population, excluding population born at sea!!Europe",SELECTED SOCIAL CHARACTERISTICS IN THE UNITED STATES
DP02_0107,"Estimate!!WORLD REGION OF BIRTH OF FOREIGN BORN!!Foreign-born population, excluding population born at sea!!Asia",SELECTED SOCIAL CHARACTERISTICS IN THE UNITED STATES
DP02_0107P,"Percent!!WORLD REGION OF BIRTH OF FOREIGN BORN!!Foreign-born population, excluding population born at sea!!Asia",SELECTED SOCIAL CHARACTERISTICS IN THE UNITED STATES
DP02_0108,"Estimate!!WORLD REGION OF BIRTH OF FOREIGN BORN!!Foreign-born population, excluding population born at sea!!Africa",SELECTED SOCIAL CHARACTERISTICS IN THE UNITED STATES
DP02_0108P,"Percent!!WORLD REGION OF BIRTH OF FOREIGN BORN!!Foreign-born population, excluding population born at sea!!Africa",SELECTED SOCIAL CHARACTERISTICS IN THE UNITED STATES
DP02_0109,"Estimate!!WORLD REGION OF BIRTH OF FOREIGN BORN!!Foreign-born population, excluding population born at sea!!Oceania",SELECTED SOCIAL CHARACTERISTICS IN THE UNITED STATES
DP02_0109P,"Percent!!WORLD REGION OF BIRTH OF FOREIGN BORN!!Foreign-born population, excluding population born at sea!!Oceania",SELECTED SOCIAL CHARACTERISTICS IN THE UNITED STATES
DP02_0110,"Estimate!!WORLD REGION OF BIRTH OF FOREIGN BORN!!Foreign-born population, excluding population born at sea!!Latin America",SELECTED SOCIAL CHARACTERISTICS IN THE UNITED STATES
DP02_0110P,"Percent!!WORLD REGION OF BIRTH OF FOREIGN BORN!!Foreign-born population, excluding population born at sea!!Latin America",SELECTED SOCIAL CHARACTERISTICS IN THE UNITED STATES
DP02_0111,"Estimate!!WORLD REGION OF BIRTH OF FOREIGN BORN!!Foreign-born population, excluding population born at sea!!Northern America",SELECTED SOCIAL CHARACTERISTICS IN THE UNITED STATES
DP02_0111P,"Percent!!WORLD REGION OF BIRTH OF FOREIGN BORN!!Foreign-born population, excluding population born at sea!!Northern America",SELECTED SOCIAL CHARACTERISTICS IN THE UNITED STATES
DP02_0112,Estimate!!LANGUAGE SPOKEN AT HOME!!Population 5 years and over,SELECTED SOCIAL CHARACTERISTICS IN THE UNITED STATES
DP02_0112P,Percent!!LANGUAGE SPOKEN AT HOME!!Population 5 years and over,SELECTED SOCIAL CHARACTERISTICS IN THE UNITED STATES
DP02_0113,Estimate!!LANGUAGE SPOKEN AT HOME!!Population 5 years and over!!English only,SELECTED SOCIAL CHARACTERISTICS IN THE UNITED STATES
DP02_0113P,Percent!!LANGUAGE SPOKEN AT HOME!!Population 5 years and over!!English only,SELECTED SOCIAL CHARACTERISTICS IN THE UNITED STATES
DP02_0114,Estimate!!LANGUAGE SPOKEN AT HOME!!Population 5 years and over!!Language other than English,SELECTED SOCIAL CHARACTERISTICS IN THE UNITED STATES
DP02_0114P,Percent!!LANGUAGE SPOKEN AT HOME!!Population 5 years and over!!Language other than English,SELECTED SOCIAL CHARACTERISTICS IN THE UNITED STATES
DP02_0115,"Estimate!!LANGUAGE SPOKEN AT HOME!!Population 5 years and over!!Language other than English!!Speak English less than ""very well""",SELECTED SOCIAL CHARACTERISTICS IN THE UNITED STATES
DP02_0115P,"Percent!!LANGUAGE SPOKEN AT HOME!!Population 5 years and over!!Language other than English!!Speak English less than ""very well""",SELECTED SOCIAL CHARACTERISTICS IN THE UNITED STATES
DP02_0116,Estimate!!LANGUAGE SPOKEN AT HOME!!Population 5 years and over!!Spanish,SELECTED SOCIAL CHARACTERISTICS IN THE UNITED STATES
DP02_0116P,Percent!!LANGUAGE SPOKEN AT HOME!!Population 5 years and over!!Spanish,SELECTED SOCIAL CHARACTERISTICS IN THE UNITED STATES
DP02_0117,"Estimate!!LANGUAGE SPOKEN AT HOME!!Population 5 years and over!!Spanish!!Speak English less than ""very well""",SELECTED SOCIAL CHARACTERISTICS IN THE UNITED STATES
DP02_0117P,"Percent!!LANGUAGE SPOKEN AT HOME!!Population 5 years and over!!Spanish!!Speak English less than ""very well""",SELECTED SOCIAL CHARACTERISTICS IN THE UNITED STATES
DP02_0118,Estimate!!LANGUAGE SPOKEN AT HOME!!Population 5 years and over!!Other Indo-European languages,SELECTED SOCIAL CHARACTERISTICS IN THE UNITED STATES
DP02_0118P,Percent!!LANGUAGE SPOKEN AT HOME!!Population 5 years and over!!Other Indo-European languages,SELECTED SOCIAL CHARACTERISTICS IN THE UNITED STATES
DP02_0119,"Estimate!!LANGUAGE SPOKEN AT HOME!!Population 5 years and over!!Other Indo-European languages!!Speak English less than ""very well""",SELECTED SOCIAL CHARACTERISTICS IN THE UNITED STATES
DP02_0119P,"Percent!!LANGUAGE SPOKEN AT HOME!!Population 5 years and over!!Other Indo-European languages!!Speak English less than ""very well""",SELECTED SOCIAL CHARACTERISTICS IN THE UNITED STATES
DP02_0120,Estimate!!LANGUAGE SPOKEN AT HOME!!Population 5 years and over!!Asian and Pacific Islander languages,SELECTED SOCIAL CHARACTERISTICS IN THE UNITED STATES
DP02_0120P,Percent!!LANGUAGE SPOKEN AT HOME!!Population 5 years and over!!Asian and Pacific Islander languages,SELECTED SOCIAL CHARACTERISTICS IN THE UNITED STATES
DP02_0121,"Estimate!!LANGUAGE SPOKEN AT HOME!!Population 5 years and over!!Asian and Pacific Islander languages!!Speak English less than ""very well""",SELECTED SOCIAL CHARACTERISTICS IN THE UNITED STATES
DP02_0121P,"Percent!!LANGUAGE SPOKEN AT HOME!!Population 5 years and over!!Asian and Pacific Islander languages!!Speak English less than ""very well""",SELECTED SOCIAL CHARACTERISTICS IN THE UNITED STATES
DP02_0122,Estimate!!LANGUAGE SPOKEN AT HOME!!Population 5 years and over!!Other languages,SELECTED SOCIAL CHARACTERISTICS IN THE UNITED STATES
DP02_0122P,Percent!!LANGUAGE SPOKEN AT HOME!!Population 5 years and over!!Other languages,SELECTED SOCIAL CHARACTERISTICS IN THE UNITED STATES
DP02_0123,"Estimate!!LANGUAGE SPOKEN AT HOME!!Population 5 years and over!!Other languages!!Speak English less than ""very well""",SELECTED SOCIAL CHARACTERISTICS IN THE UNITED STATES
DP02_0123P,"Percent!!LANGUAGE SPOKEN AT HOME!!Population 5 years and over!!Other languages!!Speak English less than ""very well""",SELECTED SOCIAL CHARACTERISTICS IN THE UNITED STATES
DP02_0124,Estimate!!ANCESTRY!!Total population,SELECTED SOCIAL CHARACTERISTICS IN THE UNITED STATES
DP02_0124P,Percent!!ANCESTRY!!Total population,SELECTED SOCIAL CHARACTERISTICS IN THE UNITED STATES
DP02_0125,Estimate!!ANCESTRY!!Total population!!American,SELECTED SOCIAL CHARACTERISTICS IN THE UNITED STATES
DP02_0125P,Percent!!ANCESTRY!!Total population!!American,SELECTED SOCIAL CHARACTERISTICS IN THE UNITED STATES
DP02_0126,Estimate!!ANCESTRY!!Total population!!Arab,SELECTED SOCIAL CHARACTERISTICS IN THE UNITED STATES
DP02_0126P,Percent!!ANCESTRY!!Total population!!Arab,SELECTED SOCIAL CHARACTERISTICS IN THE UNITED STATES
DP02_0127,Estimate!!ANCESTRY!!Total population!!Czech,SELECTED SOCIAL CHARACTERISTICS IN THE UNITED STATES
DP02_0127P,Percent!!ANCESTRY!!Total population!!Czech,SELECTED SOCIAL CHARACTERISTICS IN THE UNITED STATES
DP02_0128,Estimate!!ANCESTRY!!Total population!!Danish,SELECTED SOCIAL CHARACTERISTICS IN THE UNITED STATES
DP02_0128P,Percent!!ANCESTRY!!Total population!!Danish,SELECTED SOCIAL CHARACTERISTICS IN THE UNITED STATES
DP02_0129,Estimate!!ANCESTRY!!Total population!!Dutch,SELECTED SOCIAL CHARACTERISTICS IN THE UNITED STATES
DP02_0129P,Percent!!ANCESTRY!!Total population!!Dutch,SELECTED SOCIAL CHARACTERISTICS IN THE UNITED STATES
DP02_0130,Estimate!!ANCESTRY!!Total population!!English,SELECTED SOCIAL CHARACTERISTICS IN THE UNITED STATES
DP02_0130P,Percent!!ANCESTRY!!Total population!!English,SELECTED SOCIAL CHARACTERISTICS IN THE UNITED STATES
DP02_0131,Estimate!!ANCESTRY!!Total population!!French (except Basque),SELECTED SOCIAL CHARACTERISTICS IN THE UNITED STATES
DP02_0131P,Percent!!ANCESTRY!!Total population!!French (except Basque),SELECTED SOCIAL CHARACTERISTICS IN THE UNITED STATES
DP02_0132,Estimate!!ANCESTRY!!Total population!!French Canadian,SELECTED SOCIAL CHARACTERISTICS IN THE UNITED STATES
DP02_0132P,Percent!!ANCESTRY!!Total population!!French Canadian,SELECTED SOCIAL CHARACTERISTICS IN THE UNITED STATES
DP02_0133,Estimate!!ANCESTRY!!Total population!!German,SELECTED SOCIAL CHARACTERISTICS IN THE UNITED STATES
DP02_0133P,Percent!!ANCESTRY!!Total population!!German,SELECTED SOCIAL CHARACTERISTICS IN THE UNITED STATES
DP02_0134,Estimate!!ANCESTRY!!Total population!!Greek,SELECTED SOCIAL CHARACTERISTICS IN THE UNITED STATES
DP02_0134P,Percent!!ANCESTRY!!Total population!!Greek,SELECTED SOCIAL CHARACTERISTICS IN THE UNITED STATES
DP02_0135,Estimate!!ANCESTRY!!Total population!!Hungarian,SELECTED SOCIAL CHARACTERISTICS IN THE UNITED STATES
DP02_0135P,Percent!!ANCESTRY!!Total population!!Hungarian,SELECTED SOCIAL CHARACTERISTICS IN THE UNITED STATES
DP02_0136,Estimate!!ANCESTRY!!Total population!!Irish,SELECTED SOCIAL CHARACTERISTICS IN THE UNITED STATES
DP02_0136P,Percent!!ANCESTRY!!Total population!!Irish,SELECTED SOCIAL CHARACTERISTICS IN THE UNITED STATES
DP02_0137,Estimate!!ANCESTRY!!Total population!!Italian,SELECTED SOCIAL CHARACTERISTICS IN THE UNITED STATES
DP02_0137P,Percent!!ANCESTRY!!Total population!!Italian,SELECTED SOCIAL CHARACTERISTICS IN THE UNITED STATES
DP02_0138,Estimate!!ANCESTRY!!Total population!!Lithuanian,SELECTED SOCIAL CHARACTERISTICS IN THE UNITED STATES
DP02_0138P,Percent!!ANCESTRY!!Total population!!Lithuanian,SELECTED SOCIAL CHARACTERISTICS IN THE UNITED STATES
DP02_0139,Estimate!!ANCESTRY!!Total population!!Norwegian,SELECTED SOCIAL CHARACTERISTICS IN THE UNITED STATES
DP02_0139P,Percent!!ANCESTRY!!Total population!!Norwegian,SELECTED SOCIAL CHARACTERISTICS IN THE UNITED STATES
DP02_0140,Estimate!!ANCESTRY!!Total population!!Polish,SELECTED SOCIAL CHARACTERISTICS IN THE UNITED STATES
DP02_0140P,Percent!!ANCESTRY!!Total population!!Polish,SELECTED SOCIAL CHARACTERISTICS IN THE UNITED STATES
DP02_0141,Estimate!!ANCESTRY!!Total population!!Portuguese,SELECTED SOCIAL CHARACTERISTICS IN THE UNITED STATES
DP02_0141P,Percent!!ANCESTRY!!Total population!!Portuguese,SELECTED SOCIAL CHARACTERISTICS IN THE UNITED STATES
DP02_0142,Estimate!!ANCESTRY!!Total population!!Russian,SELECTED SOCIAL CHARACTERISTICS IN THE UNITED STATES
DP02_0142P,Percent!!ANCESTRY!!Total population!!Russian,SELECTED SOCIAL CHARACTERISTICS IN THE UNITED STATES
DP02_0143,Estimate!!ANCESTRY!!Total population!!Scotch-Irish,SELECTED SOCIAL CHARACTERISTICS IN THE UNITED STATES
DP02_0143P,Percent!!ANCESTRY!!Total population!!Scotch-Irish,SELECTED SOCIAL CHARACTERISTICS IN THE UNITED STATES
DP02_0144,Estimate!!ANCESTRY!!Total population!!Scottish,SELECTED SOCIAL CHARACTERISTICS IN THE UNITED STATES
DP02_0144P,Percent!!ANCESTRY!!Total population!!Scottish,SELECTED SOCIAL CHARACTERISTICS IN THE UNITED STATES
DP02_0145,Estimate!!ANCESTRY!!Total population!!Slovak,SELECTED SOCIAL CHARACTERISTICS IN THE UNITED STATES
DP02_0145P,Percent!!ANCESTRY!!Total population!!Slovak,SELECTED SOCIAL CHARACTERISTICS IN THE UNITED STATES
DP02_0146,Estimate!!ANCESTRY!!Total population!!Subsaharan African,SELECTED SOCIAL CHARACTERISTICS IN THE UNITED STATES
DP02_0146P,Percent!!ANCESTRY!!Total population!!Subsaharan African,SELECTED SOCIAL CHARACTERISTICS IN THE UNITED STATES
DP02_0147,Estimate!!ANCESTRY!!Total population!!Swedish,SELECTED SOCIAL CHARACTERISTICS IN THE UNITED STATES
DP02_0147P,Percent!!ANCESTRY!!Total population!!Swedish,SELECTED SOCIAL CHARACTERISTICS IN THE UNITED STATES
DP02_0148,Estimate!!ANCESTRY!!Total population!!Swiss,SELECTED SOCIAL CHARACTERISTICS IN THE UNITED STATES
DP02_0148P,Percent!!ANCESTRY!!Total population!!Swiss,SELECTED SOCIAL CHARACTERISTICS IN THE UNITED STATES
DP02_0149,Estimate!!ANCESTRY!!Total population!!Ukrainian,SELECTED SOCIAL CHARACTERISTICS IN THE UNITED STATES
DP02_0149P,Percent!!ANCESTRY!!Total population!!Ukrainian,SELECTED SOCIAL CHARACTERISTICS IN THE UNITED STATES
DP02_0150,Estimate!!ANCESTRY!!Total population!!Welsh,SELECTED SOCIAL CHARACTERISTICS IN THE UNITED STATES
DP02_0150P,Percent!!ANCESTRY!!Total population!!Welsh,SELECTED SOCIAL CHARACTERISTICS IN THE UNITED STATES
DP02_0151,Estimate!!ANCESTRY!!Total population!!West Indian (excluding Hispanic origin groups),SELECTED SOCIAL CHARACTERISTICS IN THE UNITED STATES
DP02_0151P,Percent!!ANCESTRY!!Total population!!West Indian (excluding Hispanic origin groups),SELECTED SOCIAL CHARACTERISTICS IN THE UNITED STATES
DP02_0152,Estimate!!COMPUTERS AND INTERNET USE!!Total households,SELECTED SOCIAL CHARACTERISTICS IN THE UNITED STATES
DP02_0152P,Percent!!COMPUTERS AND INTERNET USE!!Total households,SELECTED SOCIAL CHARACTERISTICS IN THE UNITED STATES
DP02_0153,Estimate!!COMPUTERS AND INTERNET USE!!Total households!!With a computer,SELECTED SOCIAL CHARACTERISTICS IN THE UNITED STATES
DP02_0153P,Percent!!COMPUTERS AND INTERNET USE!!Total households!!With a computer,SELECTED SOCIAL CHARACTERISTICS IN THE UNITED STATES
DP02_0154,Estimate!!COMPUTERS AND INTERNET USE!!Total households!!With a broadband Internet subscription,SELECTED SOCIAL CHARACTERISTICS IN THE UNITED STATES
DP02_0154P,Percent!!COMPUTERS AND INTERNET USE!!Total households!!With a broadband Internet subscription,SELECTED SOCIAL CHARACTERISTICS IN THE UNITED STATES
DP03_0001,Estimate!!EMPLOYMENT STATUS!!Population 16 years and over,SELECTED ECONOMIC CHARACTERISTICS
DP03_0001P,Percent!!EMPLOYMENT STATUS!!Population 16 years and over,SELECTED ECONOMIC CHARACTERISTICS
DP03_0002,Estimate!!EMPLOYMENT STATUS!!Population 16 years and over!!In labor force,SELECTED ECONOMIC CHARACTERISTICS
DP03_0002P,Percent!!EMPLOYMENT STATUS!!Population 16 years and over!!In labor force,SELECTED ECONOMIC CHARACTERISTICS
DP03_0003,Estimate!!EMPLOYMENT STATUS!!Population 16 years and over!!In labor force!!Civilian labor force,SELECTED ECONOMIC CHARACTERISTICS
DP03_0003P,Percent!!EMPLOYMENT STATUS!!Population 16 years and over!!In labor force!!Civilian labor force,SELECTED ECONOMIC CHARACTERISTICS
DP03_0004,Estimate!!EMPLOYMENT STATUS!!Population 16 years and over!!In labor force!!Civilian labor force!!Employed,SELECTED ECONOMIC CHARACTERISTICS
DP03_0004P,Percent!!EMPLOYMENT STATUS!!Population 16 years and over!!In labor force!!Civilian labor force!!Employed,SELECTED ECONOMIC CHARACTERISTICS
DP03_0005,Estimate!!EMPLOYMENT STATUS!!Population 16 years and over!!In labor force!!Civilian labor force!!Unemployed,SELECTED ECONOMIC CHARACTERISTICS
DP03_0005P,Percent!!EMPLOYMENT STATUS!!Population 16 years and over!!In labor force!!Civilian labor force!!Unemployed,SELECTED ECONOMIC CHARACTERISTICS
DP03_0006,Estimate!!EMPLOYMENT STATUS!!Population 16 years and over!!In labor force!!Armed Forces,SELECTED ECONOMIC CHARACTERISTICS
DP03_0006P,Percent!!EMPLOYMENT STATUS!!Population 16 years and over!!In labor force!!Armed Forces,SELECTED ECONOMIC CHARACTERISTICS
DP03_0007,Estimate!!EMPLOYMENT STATUS!!Population 16 years and over!!Not in labor force,SELECTED ECONOMIC CHARACTERISTICS
DP03_0007P,Percent!!EMPLOYMENT STATUS!!Population 16 years and over!!Not in labor force,SELECTED ECONOMIC CHARACTERISTICS
DP03_0008,Estimate!!EMPLOYMENT STATUS!!Civilian labor force,SELECTED ECONOMIC CHARACTERISTICS
DP03_0008P,Percent!!EMPLOYMENT STATUS!!Civilian labor force,SELECTED ECONOMIC CHARACTERISTICS
DP03_0009,Estimate!!EMPLOYMENT STATUS!!Civilian labor force!!Unemployment Rate,SELECTED ECONOMIC CHARACTERISTICS
DP03_0009P,Percent!!EMPLOYMENT STATUS!!Civilian labor force!!Unemployment Rate,SELECTED ECONOMIC CHARACTERISTICS
DP03_0010,Estimate!!EMPLOYMENT STATUS!!Females 16 years and over,SELECTED ECONOMIC CHARACTERISTICS
DP03_0010P,Percent!!EMPLOYMENT STATUS!!Females 16 years and over,SELECTED ECONOMIC CHARACTERISTICS
DP03_0011,Estimate!!EMPLOYMENT STATUS!!Females 16 years and over!!In labor force,SELECTED ECONOMIC CHARACTERISTICS
DP03_0011P,Percent!!EMPLOYMENT STATUS!!Females 16 years and over!!In labor force,SELECTED ECONOMIC CHARACTERISTICS
DP03_0012,Estimate!!EMPLOYMENT STATUS!!Females 16 years and over!!In labor force!!Civilian labor force,SELECTED ECONOMIC CHARACTERISTICS
DP03_0012P,Percent!!EMPLOYMENT STATUS!!Females 16 years and over!!In labor force!!Civilian labor force,SELECTED ECONOMIC CHARACTERISTICS
DP03_0013,Estimate!!EMPLOYMENT STATUS!!Females 16 years and over!!In labor force!!Civilian labor force!!Employed,SELECTED ECONOMIC CHARACTERISTICS
DP03_0013P,Percent!!EMPLOYMENT STATUS!!Females 16 years and over!!In labor force!!Civilian labor force!!Employed,SELECTED ECONOMIC CHARACTERISTICS
DP03_0014,Estimate!!EMPLOYMENT STATUS!!Own children of the householder under 6 years,SELECTED ECONOMIC CHARACTERISTICS
DP03_0014P,Percent!!EMPLOYMENT STATUS!!Own children of the householder under 6 years,SELECTED ECONOMIC CHARACTERISTICS
DP03_0015,Estimate!!EMPLOYMENT STATUS!!Own children of the householder under 6 years!!All parents in family in labor force,SELECTED ECONOMIC CHARACTERISTICS
DP03_0015P,Percent!!EMPLOYMENT STATUS!!Own children of the householder under 6 years!!All parents in family in labor force,SELECTED ECONOMIC CHARACTERISTICS
DP03_0016,Estimate!!EMPLOYMENT STATUS!!Own children of the householder 6 to 17 years,SELECTED ECONOMIC CHARACTERISTICS
DP03_0016P,Percent!!EMPLOYMENT STATUS!!Own children of the householder 6 to 17 years,SELECTED ECONOMIC CHARACTERISTICS
DP03_0017,Estimate!!EMPLOYMENT STATUS!!Own children of the householder 6 to 17 years!!All parents in family in labor force,SELECTED ECONOMIC CHARACTERISTICS
DP03_0017P,Percent!!EMPLOYMENT STATUS!!Own children of the householder 6 to 17 years!!All parents in family in labor force,SELECTED ECONOMIC CHARACTERISTICS
DP03_0018,Estimate!!COMMUTING TO WORK!!Workers 16 years and over,SELECTED ECONOMIC CHARACTERISTICS
DP03_0018P,Percent!!COMMUTING TO WORK!!Workers 16 years and over,SELECTED ECONOMIC CHARACTERISTICS
DP03_0019,"Estimate!!COMMUTING TO WORK!!Workers 16 years and over!!Car, truck, or van -- drove alone",SELECTED ECONOMIC CHARACTERISTICS
DP03_0019P,"Percent!!COMMUTING TO WORK!!Workers 16 years and over!!Car, truck, or van -- drove alone",SELECTED ECONOMIC CHARACTERISTICS
DP03_0020,"Estimate!!COMMUTING TO WORK!!Workers 16 years and over!!Car, truck, or van -- carpooled",SELECTED ECONOMIC CHARACTERISTICS
DP03_0020P,"Percent!!COMMUTING TO WORK!!Workers 16 years and over!!Car, truck, or van -- carpooled",SELECTED ECONOMIC CHARACTERISTICS
DP03_0021,Estimate!!COMMUTING TO WORK!!Workers 16 years and over!!Public transportation (excluding taxicab),SELECTED ECONOMIC CHARACTERISTICS
DP03_0021P,Percent!!COMMUTING TO WORK!!Workers 16 years and over!!Public transportation (excluding taxicab),SELECTED ECONOMIC CHARACTERISTICS
DP03_0022,Estimate!!COMMUTING TO WORK!!Workers 16 years and over!!Walked,SELECTED ECONOMIC CHARACTERISTICS
DP03_0022P,Percent!!COMMUTING TO WORK!!Workers 16 years and over!!Walked,SELECTED ECONOMIC CHARACTERISTICS
DP03_0023,Estimate!!COMMUTING TO WORK!!Workers 16 years and over!!Other means,SELECTED ECONOMIC CHARACTERISTICS
DP03_0023P,Percent!!COMMUTING TO WORK!!Workers 16 years and over!!Other means,SELECTED ECONOMIC CHARACTERISTICS
DP03_0024,Estimate!!COMMUTING TO WORK!!Workers 16 years and over!!Worked from home,SELECTED ECONOMIC CHARACTERISTICS
DP03_0024P,Percent!!COMMUTING TO WORK!!Workers 16 years and over!!Worked from home,SELECTED ECONOMIC CHARACTERISTICS
DP03_0025,Estimate!!COMMUTING TO WORK!!Workers 16 years and over!!Mean travel time to work (minutes),SELECTED ECONOMIC CHARACTERISTICS
DP03_0025P,Percent!!COMMUTING TO WORK!!Workers 16 years and over!!Mean travel time to work (minutes),SELECTED ECONOMIC CHARACTERISTICS
DP03_0026,Estimate!!OCCUPATION!!Civilian employed population 16 years and over,SELECTED ECONOMIC CHARACTERISTICS
DP03_0026P,Percent!!OCCUPATION!!Civilian employed population 16 years and over,SELECTED ECONOMIC CHARACTERISTICS
DP03_0027,"Estimate!!OCCUPATION!!Civilian employed population 16 years and over!!Management, business, science, and arts occupations",SELECTED ECONOMIC CHARACTERISTICS
DP03_0027P,"Percent!!OCCUPATION!!Civilian employed population 16 years and over!!Management, business, science, and arts occupations",SELECTED ECONOMIC CHARACTERISTICS
DP03_0028,Estimate!!OCCUPATION!!Civilian employed population 16 years and over!!Service occupations,SELECTED ECONOMIC CHARACTERISTICS
DP03_0028P,Percent!!OCCUPATION!!Civilian employed population 16 years and over!!Service occupations,SELECTED ECONOMIC CHARACTERISTICS
DP03_0029,Estimate!!OCCUPATION!!Civilian employed population 16 years and over!!Sales and office occupations,SELECTED ECONOMIC CHARACTERISTICS
DP03_0029P,Percent!!OCCUPATION!!Civilian employed population 16 years and over!!Sales and office occupations,SELECTED ECONOMIC CHARACTERISTICS
DP03_0030,"Estimate!!OCCUPATION!!Civilian employed population 16 years and over!!Natural resources, construction, and maintenance occupations",SELECTED ECONOMIC CHARACTERISTICS
DP03_0030P,"Percent!!OCCUPATION!!Civilian employed population 16 years and over!!Natural resources, construction, and maintenance occupations",SELECTED ECONOMIC CHARACTERISTICS
DP03_0031,"Estimate!!OCCUPATION!!Civilian employed population 16 years and over!!Production, transportation, and material moving occupations",SELECTED ECONOMIC CHARACTERISTICS
DP03_0031P,"Percent!!OCCUPATION!!Civilian employed population 16 years and over!!Production, transportation, and material moving occupations",SELECTED ECONOMIC CHARACTERISTICS
DP03_0032,Estimate!!INDUSTRY!!Civilian employed population 16 years and over,SELECTED ECONOMIC CHARACTERISTICS
DP03_0032P,Percent!!INDUSTRY!!Civilian employed population 16 years and over,SELECTED ECONOMIC CHARACTERISTICS
DP03_0033,"Estimate!!INDUSTRY!!Civilian employed population 16 years and over!!Agriculture, forestry, fishing and hunting, and mining",SELECTED ECONOMIC CHARACTERISTICS
DP03_0033P,"Percent!!INDUSTRY!!Civilian employed population 16 years and over!!Agriculture, forestry, fishing and hunting, and mining",SELECTED ECONOMIC CHARACTERISTICS
DP03_0034,Estimate!!INDUSTRY!!Civilian employed population 16 years and over!!Construction,SELECTED ECONOMIC CHARACTERISTICS
DP03_0034P,Percent!!INDUSTRY!!Civilian employed population 16 years and over!!Construction,SELECTED ECONOMIC CHARACTERISTICS
DP03_0035,Estimate!!INDUSTRY!!Civilian employed population 16 years and over!!Manufacturing,SELECTED ECONOMIC CHARACTERISTICS
DP03_0035P,Percent!!INDUSTRY!!Civilian employed population 16 years and over!!Manufacturing,SELECTED ECONOMIC CHARACTERISTICS
DP03_0036,Estimate!!INDUSTRY!!Civilian employed population 16 years and over!!Wholesale trade,SELECTED ECONOMIC CHARACTERISTICS
DP03_0036P,Percent!!INDUSTRY!!Civilian employed population 16 years and over!!Wholesale trade,SELECTED ECONOMIC CHARACTERISTICS
DP03_0037,Estimate!!INDUSTRY!!Civilian employed population 16 years and over!!Retail trade,SELECTED ECONOMIC CHARACTERISTICS
DP03_0037P,Percent!!INDUSTRY!!Civilian employed population 16 years and over!!Retail trade,SELECTED ECONOMIC CHARACTERISTICS
DP03_0038,"Estimate!!INDUSTRY!!Civilian employed population 16 years and over!!Transportation and warehousing, and utilities",SELECTED ECONOMIC CHARACTERISTICS
DP03_0038P,"Percent!!INDUSTRY!!Civilian employed population 16 years and over!!Transportation and warehousing, and utilities",SELECTED ECONOMIC CHARACTERISTICS
DP03_0039,Estimate!!INDUSTRY!!Civilian employed population 16 years and over!!Information,SELECTED ECONOMIC CHARACTERISTICS
DP03_0039P,Percent!!INDUSTRY!!Civilian employed population 16 years and over!!Information,SELECTED ECONOMIC CHARACTERISTICS
DP03_0040,"Estimate!!INDUSTRY!!Civilian employed population 16 years and over!!Finance and insurance, and real estate and rental and leasing",SELECTED ECONOMIC CHARACTERISTICS
DP03_0040P,"Percent!!INDUSTRY!!Civilian employed population 16 years and over!!Finance and insurance, and real estate and rental and leasing",SELECTED ECONOMIC CHARACTERISTICS
DP03_0041,"Estimate!!INDUSTRY!!Civilian employed population 16 years and over!!Professional, scientific, and management, and administrative and waste management services",SELECTED ECONOMIC CHARACTERISTICS
DP03_0041P,"Percent!!INDUSTRY!!Civilian employed population 16 years and over!!Professional, scientific, and management, and administrative and waste management services",SELECTED ECONOMIC CHARACTERISTICS
DP03_0042,"Estimate!!INDUSTRY!!Civilian employed population 16 years and over!!Educational services, and health care and social assistance",SELECTED ECONOMIC CHARACTERISTICS
DP03_0042P,"Percent!!INDUSTRY!!Civilian employed population 16 years and over!!Educational services, and health care and social assistance",SELECTED ECONOMIC CHARACTERISTICS
DP03_0043,"Estimate!!INDUSTRY!!Civilian employed population 16 years and over!!Arts, entertainment, and recreation, and accommodation and food services",SELECTED ECONOMIC CHARACTERISTICS
DP03_0043P,"Percent!!INDUSTRY!!Civilian employed population 16 years and over!!Arts, entertainment, and recreation, and accommodation and food services",SELECTED ECONOMIC CHARACTERISTICS
DP03_0044,"Estimate!!INDUSTRY!!Civilian employed population 16 years and over!!Other services, except public administration",SELECTED ECONOMIC CHARACTERISTICS
DP03_0044P,"Percent!!INDUSTRY!!Civilian employed population 16 years and over!!Other services, except public administration",SELECTED ECONOMIC CHARACTERISTICS
DP03_0045,Estimate!!INDUSTRY!!Civilian employed population 16 years and over!!Public administration,SELECTED ECONOMIC CHARACTERISTICS
DP03_0045P,Percent!!INDUSTRY!!Civilian employed population 16 years and over!!Public administration,SELECTED ECONOMIC CHARACTERISTICS
DP03_0046,Estimate!!CLASS OF WORKER!!Civilian employed population 16 years and over,SELECTED ECONOMIC CHARACTERISTICS
DP03_0046P,Percent!!CLASS OF WORKER!!Civilian employed population 16 years and over,SELECTED ECONOMIC CHARACTERISTICS
DP03_0047,Estimate!!CLASS OF WORKER!!Civilian employed population 16 years and over!!Private wage and salary workers,SELECTED ECONOMIC CHARACTERISTICS
DP03_0047P,Percent!!CLASS OF WORKER!!Civilian employed population 16 years and over!!Private wage and salary workers,SELECTED ECONOMIC CHARACTERISTICS
DP03_0048,Estimate!!CLASS OF WORKER!!Civilian employed population 16 years and over!!Government workers,SELECTED ECONOMIC CHARACTERISTICS
DP03_0048P,Percent!!CLASS OF WORKER!!Civilian employed population 16 years and over!!Government workers,SELECTED ECONOMIC CHARACTERISTICS
DP03_0049,Estimate!!CLASS OF WORKER!!Civilian employed population 16 years and over!!Self-employed in own not incorporated business workers,SELECTED ECONOMIC CHARACTERISTICS
DP03_0049P,Percent!!CLASS OF WORKER!!Civilian employed population 16 years and over!!Self-employed in own not incorporated business workers,SELECTED ECONOMIC CHARACTERISTICS
DP03_0050,Estimate!!CLASS OF WORKER!!Civilian employed population 16 years and over!!Unpaid family workers,SELECTED ECONOMIC CHARACTERISTICS
DP03_0050P,Percent!!CLASS OF WORKER!!Civilian employed population 16 years and over!!Unpaid family workers,SELECTED ECONOMIC CHARACTERISTICS
DP03_0051,Estimate!!INCOME AND BENEFITS (IN 2020 INFLATION-ADJUSTED DOLLARS)!!Total households,SELECTED ECONOMIC CHARACTERISTICS
DP03_0051P,Percent!!INCOME AND BENEFITS (IN 2020 INFLATION-ADJUSTED DOLLARS)!!Total households,SELECTED ECONOMIC CHARACTERISTICS
DP03_0052,"Estimate!!INCOME AND BENEFITS (IN 2020 INFLATION-ADJUSTED DOLLARS)!!Total households!!Less than $10,000",SELECTED ECONOMIC CHARACTERISTICS
DP03_0052P,"Percent!!INCOME AND BENEFITS (IN 2020 INFLATION-ADJUSTED DOLLARS)!!Total households!!Less than $10,000",SELECTED ECONOMIC CHARACTERISTICS
DP03_0053,"Estimate!!INCOME AND BENEFITS (IN 2020 INFLATION-ADJUSTED DOLLARS)!!Total households!!$10,000 to $14,999",SELECTED ECONOMIC CHARACTERISTICS
DP03_0053P,"Percent!!INCOME AND BENEFITS (IN 2020 INFLATION-ADJUSTED DOLLARS)!!Total households!!$10,000 to $14,999",SELECTED ECONOMIC CHARACTERISTICS
DP03_0054,"Estimate!!INCOME AND BENEFITS (IN 2020 INFLATION-ADJUSTED DOLLARS)!!Total households!!$15,000 to $24,999",SELECTED ECONOMIC CHARACTERISTICS
DP03_0054P,"Percent!!INCOME AND BENEFITS (IN 2020 INFLATION-ADJUSTED DOLLARS)!!Total households!!$15,000 to $24,999",SELECTED ECONOMIC CHARACTERISTICS
DP03_0055,"Estimate!!INCOME AND BENEFITS (IN 2020 INFLATION-ADJUSTED DOLLARS)!!Total households!!$25,000 to $34,999",SELECTED ECONOMIC CHARACTERISTICS
DP03_0055P,"Percent!!INCOME AND BENEFITS (IN 2020 INFLATION-ADJUSTED DOLLARS)!!Total households!!$25,000 to $34,999",SELECTED ECONOMIC CHARACTERISTICS
DP03_0056,"Estimate!!INCOME AND BENEFITS (IN 2020 INFLATION-ADJUSTED DOLLARS)!!Total households!!$35,000 to $49,999",SELECTED ECONOMIC CHARACTERISTICS
DP03_0056P,"Percent!!INCOME AND BENEFITS (IN 2020 INFLATION-ADJUSTED DOLLARS)!!Total households!!$35,000 to $49,999",SELECTED ECONOMIC CHARACTERISTICS
DP03_0057,"Estimate!!INCOME AND BENEFITS (IN 2020 INFLATION-ADJUSTED DOLLARS)!!Total households!!$50,000 to $74,999",SELECTED ECONOMIC CHARACTERISTICS
DP03_0057P,"Percent!!INCOME AND BENEFITS (IN 2020 INFLATION-ADJUSTED DOLLARS)!!Total households!!$50,000 to $74,999",SELECTED ECONOMIC CHARACTERISTICS
DP03_0058,"Estimate!!INCOME AND BENEFITS (IN 2020 INFLATION-ADJUSTED DOLLARS)!!Total households!!$75,000 to $99,999",SELECTED ECONOMIC CHARACTERISTICS
DP03_0058P,"Percent!!INCOME AND BENEFITS (IN 2020 INFLATION-ADJUSTED DOLLARS)!!Total households!!$75,000 to $99,999",SELECTED ECONOMIC CHARACTERISTICS
DP03_0059,"Estimate!!INCOME AND BENEFITS (IN 2020 INFLATION-ADJUSTED DOLLARS)!!Total households!!$100,000 to $149,999",SELECTED ECONOMIC CHARACTERISTICS
DP03_0059P,"Percent!!INCOME AND BENEFITS (IN 2020 INFLATION-ADJUSTED DOLLARS)!!Total households!!$100,000 to $149,999",SELECTED ECONOMIC CHARACTERISTICS
DP03_0060,"Estimate!!INCOME AND BENEFITS (IN 2020 INFLATION-ADJUSTED DOLLARS)!!Total households!!$150,000 to $199,999",SELECTED ECONOMIC CHARACTERISTICS
DP03_0060P,"Percent!!INCOME AND BENEFITS (IN 2020 INFLATION-ADJUSTED DOLLARS)!!Total households!!$150,000 to $199,999",SELECTED ECONOMIC CHARACTERISTICS
DP03_0061,"Estimate!!INCOME AND BENEFITS (IN 2020 INFLATION-ADJUSTED DOLLARS)!!Total households!!$200,000 or more",SELECTED ECONOMIC CHARACTERISTICS
DP03_0061P,"Percent!!INCOME AND BENEFITS (IN 2020 INFLATION-ADJUSTED DOLLARS)!!Total households!!$200,000 or more",SELECTED ECONOMIC CHARACTERISTICS
DP03_0062,Estimate!!INCOME AND BENEFITS (IN 2020 INFLATION-ADJUSTED DOLLARS)!!Total households!!Median household income (dollars),SELECTED ECONOMIC CHARACTERISTICS
DP03_0062P,Percent!!INCOME AND BENEFITS (IN 2020 INFLATION-ADJUSTED DOLLARS)!!Total households!!Median household income (dollars),SELECTED ECONOMIC CHARACTERISTICS
DP03_0063,Estimate!!INCOME AND BENEFITS (IN 2020 INFLATION-ADJUSTED DOLLARS)!!Total households!!Mean household income (dollars),SELECTED ECONOMIC CHARACTERISTICS
DP03_0063P,Percent!!INCOME AND BENEFITS (IN 2020 INFLATION-ADJUSTED DOLLARS)!!Total households!!Mean household income (dollars),SELECTED ECONOMIC CHARACTERISTICS
DP03_0064,Estimate!!INCOME AND BENEFITS (IN 2020 INFLATION-ADJUSTED DOLLARS)!!Total households!!With earnings,SELECTED ECONOMIC CHARACTERISTICS
DP03_0064P,Percent!!INCOME AND BENEFITS (IN 2020 INFLATION-ADJUSTED DOLLARS)!!Total households!!With earnings,SELECTED ECONOMIC CHARACTERISTICS
DP03_0065,Estimate!!INCOME AND BENEFITS (IN 2020 INFLATION-ADJUSTED DOLLARS)!!Total households!!With earnings!!Mean earnings (dollars),SELECTED ECONOMIC CHARACTERISTICS
DP03_0065P,Percent!!INCOME AND BENEFITS (IN 2020 INFLATION-ADJUSTED DOLLARS)!!Total households!!With earnings!!Mean earnings (dollars),SELECTED ECONOMIC CHARACTERISTICS
DP03_0066,Estimate!!INCOME AND BENEFITS (IN 2020 INFLATION-ADJUSTED DOLLARS)!!Total households!!With Social Security,SELECTED ECONOMIC CHARACTERISTICS
DP03_0066P,Percent!!INCOME AND BENEFITS (IN 2020 INFLATION-ADJUSTED DOLLARS)!!Total households!!With Social Security,SELECTED ECONOMIC CHARACTERISTICS
DP03_0067,Estimate!!INCOME AND BENEFITS (IN 2020 INFLATION-ADJUSTED DOLLARS)!!Total households!!With Social Security!!Mean Social Security income (dollars),SELECTED ECONOMIC CHARACTERISTICS
DP03_0067P,Percent!!INCOME AND BENEFITS (IN 2020 INFLATION-ADJUSTED DOLLARS)!!Total households!!With Social Security!!Mean Social Security income (dollars),SELECTED ECONOMIC CHARACTERISTICS
DP03_0068,Estimate!!INCOME AND BENEFITS (IN 2020 INFLATION-ADJUSTED DOLLARS)!!Total households!!With retirement income,SELECTED ECONOMIC CHARACTERISTICS
DP03_0068P,Percent!!INCOME AND BENEFITS (IN 2020 INFLATION-ADJUSTED DOLLARS)!!Total households!!With retirement income,SELECTED ECONOMIC CHARACTERISTICS
DP03_0069,Estimate!!INCOME AND BENEFITS (IN 2020 INFLATION-ADJUSTED DOLLARS)!!Total households!!With retirement income!!Mean retirement income (dollars),SELECTED ECONOMIC CHARACTERISTICS
DP03_0069P,Percent!!INCOME AND BENEFITS (IN 2020 INFLATION-ADJUSTED DOLLARS)!!Total households!!With retirement income!!Mean retirement income (dollars),SELECTED ECONOMIC CHARACTERISTICS
DP03_0070,Estimate!!INCOME AND BENEFITS (IN 2020 INFLATION-ADJUSTED DOLLARS)!!Total households!!With Supplemental Security Income,SELECTED ECONOMIC CHARACTERISTICS
DP03_0070P,Percent!!INCOME AND BENEFITS (IN 2020 INFLATION-ADJUSTED DOLLARS)!!Total households!!With Supplemental Security Income,SELECTED ECONOMIC CHARACTERISTICS
DP03_0071,Estimate!!INCOME AND BENEFITS (IN 2020 INFLATION-ADJUSTED DOLLARS)!!Total households!!With Supplemental Security Income!!Mean Supplemental Security Income (dollars),SELECTED ECONOMIC CHARACTERISTICS
DP03_0071P,Percent!!INCOME AND BENEFITS (IN 2020 INFLATION-ADJUSTED DOLLARS)!!Total households!!With Supplemental Security Income!!Mean Supplemental Security Income (dollars),SELECTED ECONOMIC CHARACTERISTICS
DP03_0072,Estimate!!INCOME AND BENEFITS (IN 2020 INFLATION-ADJUSTED DOLLARS)!!Total households!!With cash public assistance income,SELECTED ECONOMIC CHARACTERISTICS
DP03_0072P,Percent!!INCOME AND BENEFITS (IN 2020 INFLATION-ADJUSTED DOLLARS)!!Total households!!With cash public assistance income,SELECTED ECONOMIC CHARACTERISTICS
DP03_0073,Estimate!!INCOME AND BENEFITS (IN 2020 INFLATION-ADJUSTED DOLLARS)!!Total households!!With cash public assistance income!!Mean cash public assistance income (dollars),SELECTED ECONOMIC CHARACTERISTICS
DP03_0073P,Percent!!INCOME AND BENEFITS (IN 2020 INFLATION-ADJUSTED DOLLARS)!!Total households!!With cash public assistance income!!Mean cash public assistance income (dollars),SELECTED ECONOMIC CHARACTERISTICS
DP03_0074,Estimate!!INCOME AND BENEFITS (IN 2020 INFLATION-ADJUSTED DOLLARS)!!Total households!!With Food Stamp/SNAP benefits in the past 12 months,SELECTED ECONOMIC CHARACTERISTICS
DP03_0074P,Percent!!INCOME AND BENEFITS (IN 2020 INFLATION-ADJUSTED DOLLARS)!!Total households!!With Food Stamp/SNAP benefits in the past 12 months,SELECTED ECONOMIC CHARACTERISTICS
DP03_0075,Estimate!!INCOME AND BENEFITS (IN 2020 INFLATION-ADJUSTED DOLLARS)!!Families,SELECTED ECONOMIC CHARACTERISTICS
DP03_0075P,Percent!!INCOME AND BENEFITS (IN 2020 INFLATION-ADJUSTED DOLLARS)!!Families,SELECTED ECONOMIC CHARACTERISTICS
DP03_0076,"Estimate!!INCOME AND BENEFITS (IN 2020 INFLATION-ADJUSTED DOLLARS)!!Families!!Less than $10,000",SELECTED ECONOMIC CHARACTERISTICS
DP03_0076P,"Percent!!INCOME AND BENEFITS (IN 2020 INFLATION-ADJUSTED DOLLARS)!!Families!!Less than $10,000",SELECTED ECONOMIC CHARACTERISTICS
DP03_0077,"Estimate!!INCOME AND BENEFITS (IN 2020 INFLATION-ADJUSTED DOLLARS)!!Families!!$10,000 to $14,999",SELECTED ECONOMIC CHARACTERISTICS
DP03_0077P,"Percent!!INCOME AND BENEFITS (IN 2020 INFLATION-ADJUSTED DOLLARS)!!Families!!$10,000 to $14,999",SELECTED ECONOMIC CHARACTERISTICS
DP03_0078,"Estimate!!INCOME AND BENEFITS (IN 2020 INFLATION-ADJUSTED DOLLARS)!!Families!!$15,000 to $24,999",SELECTED ECONOMIC CHARACTERISTICS
DP03_0078P,"Percent!!INCOME AND BENEFITS (IN 2020 INFLATION-ADJUSTED DOLLARS)!!Families!!$15,000 to $24,999",SELECTED ECONOMIC CHARACTERISTICS
DP03_0079,"Estimate!!INCOME AND BENEFITS (IN 2020 INFLATION-ADJUSTED DOLLARS)!!Families!!$25,000 to $34,999",SELECTED ECONOMIC CHARACTERISTICS
DP03_0079P,"Percent!!INCOME AND BENEFITS (IN 2020 INFLATION-ADJUSTED DOLLARS)!!Families!!$25,000 to $34,999",SELECTED ECONOMIC CHARACTERISTICS
DP03_0080,"Estimate!!INCOME AND BENEFITS (IN 2020 INFLATION-ADJUSTED DOLLARS)!!Families!!$35,000 to $49,999",SELECTED ECONOMIC CHARACTERISTICS
DP03_0080P,"Percent!!INCOME AND BENEFITS (IN 2020 INFLATION-ADJUSTED DOLLARS)!!Families!!$35,000 to $49,999",SELECTED ECONOMIC CHARACTERISTICS
DP03_0081,"Estimate!!INCOME AND BENEFITS (IN 2020 INFLATION-ADJUSTED DOLLARS)!!Families!!$50,000 to $74,999",SELECTED ECONOMIC CHARACTERISTICS
DP03_0081P,"Percent!!INCOME AND BENEFITS (IN 2020 INFLATION-ADJUSTED DOLLARS)!!Families!!$50,000 to $74,999",SELECTED ECONOMIC CHARACTERISTICS
DP03_0082,"Estimate!!INCOME AND BENEFITS (IN 2020 INFLATION-ADJUSTED DOLLARS)!!Families!!$75,000 to $99,999",SELECTED ECONOMIC CHARACTERISTICS
DP03_0082P,"Percent!!INCOME AND BENEFITS (IN 2020 INFLATION-ADJUSTED DOLLARS)!!Families!!$75,000 to $99,999",SELECTED ECONOMIC CHARACTERISTICS
DP03_0083,"Estimate!!INCOME AND BENEFITS (IN 2020 INFLATION-ADJUSTED DOLLARS)!!Families!!$100,000 to $149,999",SELECTED ECONOMIC CHARACTERISTICS
DP03_0083P,"Percent!!INCOME AND BENEFITS (IN 2020 INFLATION-ADJUSTED DOLLARS)!!Families!!$100,000 to $149,999",SELECTED ECONOMIC CHARACTERISTICS
DP03_0084,"Estimate!!INCOME AND BENEFITS (IN 2020 INFLATION-ADJUSTED DOLLARS)!!Families!!$150,000 to $199,999",SELECTED ECONOMIC CHARACTERISTICS
DP03_0084P,"Percent!!INCOME AND BENEFITS (IN 2020 INFLATION-ADJUSTED DOLLARS)!!Families!!$150,000 to $199,999",SELECTED ECONOMIC CHARACTERISTICS
DP03_0085,"Estimate!!INCOME AND BENEFITS (IN 2020 INFLATION-ADJUSTED DOLLARS)!!Families!!$200,000 or more",SELECTED ECONOMIC CHARACTERISTICS
DP03_0085P,"Percent!!INCOME AND BENEFITS (IN 2020 INFLATION-ADJUSTED DOLLARS)!!Families!!$200,000 or more",SELECTED ECONOMIC CHARACTERISTICS
DP03_0086,Estimate!!INCOME AND BENEFITS (IN 2020 INFLATION-ADJUSTED DOLLARS)!!Families!!Median family income (dollars),SELECTED ECONOMIC CHARACTERISTICS
DP03_0086P,Percent!!INCOME AND BENEFITS (IN 2020 INFLATION-ADJUSTED DOLLARS)!!Families!!Median family income (dollars),SELECTED ECONOMIC CHARACTERISTICS
DP03_0087,Estimate!!INCOME AND BENEFITS (IN 2020 INFLATION-ADJUSTED DOLLARS)!!Families!!Mean family income (dollars),SELECTED ECONOMIC CHARACTERISTICS
DP03_0087P,Percent!!INCOME AND BENEFITS (IN 2020 INFLATION-ADJUSTED DOLLARS)!!Families!!Mean family income (dollars),SELECTED ECONOMIC CHARACTERISTICS
DP03_0088,Estimate!!INCOME AND BENEFITS (IN 2020 INFLATION-ADJUSTED DOLLARS)!!Per capita income (dollars),SELECTED ECONOMIC CHARACTERISTICS
DP03_0088P,Percent!!INCOME AND BENEFITS (IN 2020 INFLATION-ADJUSTED DOLLARS)!!Per capita income (dollars),SELECTED ECONOMIC CHARACTERISTICS
DP03_0089,Estimate!!INCOME AND BENEFITS (IN 2020 INFLATION-ADJUSTED DOLLARS)!!Nonfamily households,SELECTED ECONOMIC CHARACTERISTICS
DP03_0089P,Percent!!INCOME AND BENEFITS (IN 2020 INFLATION-ADJUSTED DOLLARS)!!Nonfamily households,SELECTED ECONOMIC CHARACTERISTICS
DP03_0090,Estimate!!INCOME AND BENEFITS (IN 2020 INFLATION-ADJUSTED DOLLARS)!!Nonfamily households!!Median nonfamily income (dollars),SELECTED ECONOMIC CHARACTERISTICS
DP03_0090P,Percent!!INCOME AND BENEFITS (IN 2020 INFLATION-ADJUSTED DOLLARS)!!Nonfamily households!!Median nonfamily income (dollars),SELECTED ECONOMIC CHARACTERISTICS
DP03_0091,Estimate!!INCOME AND BENEFITS (IN 2020 INFLATION-ADJUSTED DOLLARS)!!Nonfamily households!!Mean nonfamily income (dollars),SELECTED ECONOMIC CHARACTERISTICS
DP03_0091P,Percent!!INCOME AND BENEFITS (IN 2020 INFLATION-ADJUSTED DOLLARS)!!Nonfamily households!!Mean nonfamily income (dollars),SELECTED ECONOMIC CHARACTERISTICS
DP03_0092,Estimate!!INCOME AND BENEFITS (IN 2020 INFLATION-ADJUSTED DOLLARS)!!Median earnings for workers (dollars),SELECTED ECONOMIC CHARACTERISTICS
DP03_0092P,Percent!!INCOME AND BENEFITS (IN 2020 INFLATION-ADJUSTED DOLLARS)!!Median earnings for workers (dollars),SELECTED ECONOMIC CHARACTERISTICS
DP03_0093,"Estimate!!INCOME AND BENEFITS (IN 2020 INFLATION-ADJUSTED DOLLARS)!!Median earnings for male full-time, year-round workers (dollars)",SELECTED ECONOMIC CHARACTERISTICS
DP03_0093P,"Percent!!INCOME AND BENEFITS (IN 2020 INFLATION-ADJUSTED DOLLARS)!!Median earnings for male full-time, year-round workers (dollars)",SELECTED ECONOMIC CHARACTERISTICS
DP03_0094,"Estimate!!INCOME AND BENEFITS (IN 2020 INFLATION-ADJUSTED DOLLARS)!!Median earnings for female full-time, year-round workers (dollars)",SELECTED ECONOMIC CHARACTERISTICS
DP03_0094P,"Percent!!INCOME AND BENEFITS (IN 2020 INFLATION-ADJUSTED DOLLARS)!!Median earnings for female full-time, year-round workers (dollars)",SELECTED ECONOMIC CHARACTERISTICS
DP03_0095,Estimate!!HEALTH INSURANCE COVERAGE!!Civilian noninstitutionalized population,SELECTED ECONOMIC CHARACTERISTICS
DP03_0095P,Percent!!HEALTH INSURANCE COVERAGE!!Civilian noninstitutionalized population,SELECTED ECONOMIC CHARACTERISTICS
DP03_0096,Estimate!!HEALTH INSURANCE COVERAGE!!Civilian noninstitutionalized population!!With health insurance coverage,SELECTED ECONOMIC CHARACTERISTICS
DP03_0096P,Percent!!HEALTH INSURANCE COVERAGE!!Civilian noninstitutionalized population!!With health insurance coverage,SELECTED ECONOMIC CHARACTERISTICS
DP03_0097,Estimate!!HEALTH INSURANCE COVERAGE!!Civilian noninstitutionalized population!!With health insurance coverage!!With private health insurance,SELECTED ECONOMIC CHARACTERISTICS
DP03_0097P,Percent!!HEALTH INSURANCE COVERAGE!!Civilian noninstitutionalized population!!With health insurance coverage!!With private health insurance,SELECTED ECONOMIC CHARACTERISTICS
DP03_0098,Estimate!!HEALTH INSURANCE COVERAGE!!Civilian noninstitutionalized population!!With health insurance coverage!!With public coverage,SELECTED ECONOMIC CHARACTERISTICS
DP03_0098P,Percent!!HEALTH INSURANCE COVERAGE!!Civilian noninstitutionalized population!!With health insurance coverage!!With public coverage,SELECTED ECONOMIC CHARACTERISTICS
DP03_0099,Estimate!!HEALTH INSURANCE COVERAGE!!Civilian noninstitutionalized population!!No health insurance coverage,SELECTED ECONOMIC CHARACTERISTICS
DP03_0099P,Percent!!HEALTH INSURANCE COVERAGE!!Civilian noninstitutionalized population!!No health insurance coverage,SELECTED ECONOMIC CHARACTERISTICS
DP03_0100,Estimate!!HEALTH INSURANCE COVERAGE!!Civilian noninstitutionalized population under 19 years,SELECTED ECONOMIC CHARACTERISTICS
DP03_0100P,Percent!!HEALTH INSURANCE COVERAGE!!Civilian noninstitutionalized population under 19 years,SELECTED ECONOMIC CHARACTERISTICS
DP03_0101,Estimate!!HEALTH INSURANCE COVERAGE!!Civilian noninstitutionalized population under 19 years!!No health insurance coverage,SELECTED ECONOMIC CHARACTERISTICS
DP03_0101P,Percent!!HEALTH INSURANCE COVERAGE!!Civilian noninstitutionalized population under 19 years!!No health insurance coverage,SELECTED ECONOMIC CHARACTERISTICS
DP03_0102,Estimate!!HEALTH INSURANCE COVERAGE!!Civilian noninstitutionalized population 19 to 64 years,SELECTED ECONOMIC CHARACTERISTICS
DP03_0102P,Percent!!HEALTH INSURANCE COVERAGE!!Civilian noninstitutionalized population 19 to 64 years,SELECTED ECONOMIC CHARACTERISTICS
DP03_0103,Estimate!!HEALTH INSURANCE COVERAGE!!Civilian noninstitutionalized population 19 to 64 years!!In labor force:,SELECTED ECONOMIC CHARACTERISTICS
DP03_0103P,Percent!!HEALTH INSURANCE COVERAGE!!Civilian noninstitutionalized population 19 to 64 years!!In labor force:,SELECTED ECONOMIC CHARACTERISTICS
DP03_0104,Estimate!!HEALTH INSURANCE COVERAGE!!Civilian noninstitutionalized population 19 to 64 years!!In labor force:!!Employed:,SELECTED ECONOMIC CHARACTERISTICS
DP03_0104P,Percent!!HEALTH INSURANCE COVERAGE!!Civilian noninstitutionalized population 19 to 64 years!!In labor force:!!Employed:,SELECTED ECONOMIC CHARACTERISTICS
DP03_0105,Estimate!!HEALTH INSURANCE COVERAGE!!Civilian noninstitutionalized population 19 to 64 years!!In labor force:!!Employed:!!With health insurance coverage,SELECTED ECONOMIC CHARACTERISTICS
DP03_0105P,Percent!!HEALTH INSURANCE COVERAGE!!Civilian noninstitutionalized population 19 to 64 years!!In labor force:!!Employed:!!With health insurance coverage,SELECTED ECONOMIC CHARACTERISTICS
DP03_0106,Estimate!!HEALTH INSURANCE COVERAGE!!Civilian noninstitutionalized population 19 to 64 years!!In labor force:!!Employed:!!With health insurance coverage!!With private health insurance,SELECTED ECONOMIC CHARACTERISTICS
DP03_0106P,Percent!!HEALTH INSURANCE COVERAGE!!Civilian noninstitutionalized population 19 to 64 years!!In labor force:!!Employed:!!With health insurance coverage!!With private health insurance,SELECTED ECONOMIC CHARACTERISTICS
DP03_0107,Estimate!!HEALTH INSURANCE COVERAGE!!Civilian noninstitutionalized population 19 to 64 years!!In labor force:!!Employed:!!With health insurance coverage!!With public coverage,SELECTED ECONOMIC CHARACTERISTICS
DP03_0107P,Percent!!HEALTH INSURANCE COVERAGE!!Civilian noninstitutionalized population 19 to 64 years!!In labor force:!!Employed:!!With health insurance coverage!!With public coverage,SELECTED ECONOMIC CHARACTERISTICS
DP03_0108,Estimate!!HEALTH INSURANCE COVERAGE!!Civilian noninstitutionalized population 19 to 64 years!!In labor force:!!Employed:!!No health insurance coverage,SELECTED ECONOMIC CHARACTERISTICS
DP03_0108P,Percent!!HEALTH INSURANCE COVERAGE!!Civilian noninstitutionalized population 19 to 64 years!!In labor force:!!Employed:!!No health insurance coverage,SELECTED ECONOMIC CHARACTERISTICS
DP03_0109,Estimate!!HEALTH INSURANCE COVERAGE!!Civilian noninstitutionalized population 19 to 64 years!!In labor force:!!Unemployed:,SELECTED ECONOMIC CHARACTERISTICS
DP03_0109P,Percent!!HEALTH INSURANCE COVERAGE!!Civilian noninstitutionalized population 19 to 64 years!!In labor force:!!Unemployed:,SELECTED ECONOMIC CHARACTERISTICS
DP03_0110,Estimate!!HEALTH INSURANCE COVERAGE!!Civilian noninstitutionalized population 19 to 64 years!!In labor force:!!Unemployed:!!With health insurance coverage,SELECTED ECONOMIC CHARACTERISTICS
DP03_0110P,Percent!!HEALTH INSURANCE COVERAGE!!Civilian noninstitutionalized population 19 to 64 years!!In labor force:!!Unemployed:!!With health insurance coverage,SELECTED ECONOMIC CHARACTERISTICS
DP03_0111,Estimate!!HEALTH INSURANCE COVERAGE!!Civilian noninstitutionalized population 19 to 64 years!!In labor force:!!Unemployed:!!With health insurance coverage!!With private health insurance,SELECTED ECONOMIC CHARACTERISTICS
DP03_0111P,Percent!!HEALTH INSURANCE COVERAGE!!Civilian noninstitutionalized population 19 to 64 years!!In labor force:!!Unemployed:!!With health insurance coverage!!With private health insurance,SELECTED ECONOMIC CHARACTERISTICS
DP03_0112,Estimate!!HEALTH INSURANCE COVERAGE!!Civilian noninstitutionalized population 19 to 64 years!!In labor force:!!Unemployed:!!With health insurance coverage!!With public coverage,SELECTED ECONOMIC CHARACTERISTICS
DP03_0112P,Percent!!HEALTH INSURANCE COVERAGE!!Civilian noninstitutionalized population 19 to 64 years!!In labor force:!!Unemployed:!!With health insurance coverage!!With public coverage,SELECTED ECONOMIC CHARACTERISTICS
DP03_0113,Estimate!!HEALTH INSURANCE COVERAGE!!Civilian noninstitutionalized population 19 to 64 years!!In labor force:!!Unemployed:!!No health insurance coverage,SELECTED ECONOMIC CHARACTERISTICS
DP03_0113P,Percent!!HEALTH INSURANCE COVERAGE!!Civilian noninstitutionalized population 19 to 64 years!!In labor force:!!Unemployed:!!No health insurance coverage,SELECTED ECONOMIC CHARACTERISTICS
DP03_0114,Estimate!!HEALTH INSURANCE COVERAGE!!Civilian noninstitutionalized population 19 to 64 years!!Not in labor force:,SELECTED ECONOMIC CHARACTERISTICS
DP03_0114P,Percent!!HEALTH INSURANCE COVERAGE!!Civilian noninstitutionalized population 19 to 64 years!!Not in labor force:,SELECTED ECONOMIC CHARACTERISTICS
DP03_0115,Estimate!!HEALTH INSURANCE COVERAGE!!Civilian noninstitutionalized population 19 to 64 years!!Not in labor force:!!With health insurance coverage,SELECTED ECONOMIC CHARACTERISTICS
DP03_0115P,Percent!!HEALTH INSURANCE COVERAGE!!Civilian noninstitutionalized population 19 to 64 years!!Not in labor force:!!With health insurance coverage,SELECTED ECONOMIC CHARACTERISTICS
DP03_0116,Estimate!!HEALTH INSURANCE COVERAGE!!Civilian noninstitutionalized population 19 to 64 years!!Not in labor force:!!With health insurance coverage!!With private health insurance,SELECTED ECONOMIC CHARACTERISTICS
DP03_0116P,Percent!!HEALTH INSURANCE COVERAGE!!Civilian noninstitutionalized population 19 to 64 years!!Not in labor force:!!With health insurance coverage!!With private health insurance,SELECTED ECONOMIC CHARACTERISTICS
DP03_0117,Estimate!!HEALTH INSURANCE COVERAGE!!Civilian noninstitutionalized population 19 to 64 years!!Not in labor force:!!With health insurance coverage!!With public coverage,SELECTED ECONOMIC CHARACTERISTICS
DP03_0117P,Percent!!HEALTH INSURANCE COVERAGE!!Civilian noninstitutionalized population 19 to 64 years!!Not in labor force:!!With health insurance coverage!!With public coverage,SELECTED ECONOMIC CHARACTERISTICS
DP03_0118,Estimate!!HEALTH INSURANCE COVERAGE!!Civilian noninstitutionalized population 19 to 64 years!!Not in labor force:!!No health insurance coverage,SELECTED ECONOMIC CHARACTERISTICS
DP03_0118P,Percent!!HEALTH INSURANCE COVERAGE!!Civilian noninstitutionalized population 19 to 64 years!!Not in labor force:!!No health insurance coverage,SELECTED ECONOMIC CHARACTERISTICS
DP03_0119,Estimate!!PERCENTAGE OF FAMILIES AND PEOPLE WHOSE INCOME IN THE PAST 12 MONTHS IS BELOW THE POVERTY LEVEL!!All families,SELECTED ECONOMIC CHARACTERISTICS
DP03_0119P,Percent!!PERCENTAGE OF FAMILIES AND PEOPLE WHOSE INCOME IN THE PAST 12 MONTHS IS BELOW THE POVERTY LEVEL!!All families,SELECTED ECONOMIC CHARACTERISTICS
DP03_0120,Estimate!!PERCENTAGE OF FAMILIES AND PEOPLE WHOSE INCOME IN THE PAST 12 MONTHS IS BELOW THE POVERTY LEVEL!!All families!!With related children of the householder under 18 years,SELECTED ECONOMIC CHARACTERISTICS
DP03_0120P,Percent!!PERCENTAGE OF FAMILIES AND PEOPLE WHOSE INCOME IN THE PAST 12 MONTHS IS BELOW THE POVERTY LEVEL!!All families!!With related children of the householder under 18 years,SELECTED ECONOMIC CHARACTERISTICS
DP03_0121,Estimate!!PERCENTAGE OF FAMILIES AND PEOPLE WHOSE INCOME IN THE PAST 12 MONTHS IS BELOW THE POVERTY LEVEL!!All families!!With related children of the householder under 18 years!!With related children of the householder under 5 years only,SELECTED ECONOMIC CHARACTERISTICS
DP03_0121P,Percent!!PERCENTAGE OF FAMILIES AND PEOPLE WHOSE INCOME IN THE PAST 12 MONTHS IS BELOW THE POVERTY LEVEL!!All families!!With related children of the householder under 18 years!!With related children of the householder under 5 years only,SELECTED ECONOMIC CHARACTERISTICS
DP03_0122,Estimate!!PERCENTAGE OF FAMILIES AND PEOPLE WHOSE INCOME IN THE PAST 12 MONTHS IS BELOW THE POVERTY LEVEL!!All families!!Married couple families,SELECTED ECONOMIC CHARACTERISTICS
DP03_0122P,Percent!!PERCENTAGE OF FAMILIES AND PEOPLE WHOSE INCOME IN THE PAST 12 MONTHS IS BELOW THE POVERTY LEVEL!!All families!!Married couple families,SELECTED ECONOMIC CHARACTERISTICS
DP03_0123,Estimate!!PERCENTAGE OF FAMILIES AND PEOPLE WHOSE INCOME IN THE PAST 12 MONTHS IS BELOW THE POVERTY LEVEL!!All families!!Married couple families!!With related children of the householder under 18 years,SELECTED ECONOMIC CHARACTERISTICS
DP03_0123P,Percent!!PERCENTAGE OF FAMILIES AND PEOPLE WHOSE INCOME IN THE PAST 12 MONTHS IS BELOW THE POVERTY LEVEL!!All families!!Married couple families!!With related children of the householder under 18 years,SELECTED ECONOMIC CHARACTERISTICS
DP03_0124,Estimate!!PERCENTAGE OF FAMILIES AND PEOPLE WHOSE INCOME IN THE PAST 12 MONTHS IS BELOW THE POVERTY LEVEL!!All families!!Married couple families!!With related children of the householder under 18 years!!With related children of the householder under 5 years only,SELECTED ECONOMIC CHARACTERISTICS
DP03_0124P,Percent!!PERCENTAGE OF FAMILIES AND PEOPLE WHOSE INCOME IN THE PAST 12 MONTHS IS BELOW THE POVERTY LEVEL!!All families!!Married couple families!!With related children of the householder under 18 years!!With related children of the householder under 5 years only,SELECTED ECONOMIC CHARACTERISTICS
DP03_0125,"Estimate!!PERCENTAGE OF FAMILIES AND PEOPLE WHOSE INCOME IN THE PAST 12 MONTHS IS BELOW THE POVERTY LEVEL!!All families!!Families with female householder, no spouse present",SELECTED ECONOMIC CHARACTERISTICS
DP03_0125P,"Percent!!PERCENTAGE OF FAMILIES AND PEOPLE WHOSE INCOME IN THE PAST 12 MONTHS IS BELOW THE POVERTY LEVEL!!All families!!Families with female householder, no spouse present",SELECTED ECONOMIC CHARACTERISTICS
DP03_0126,"Estimate!!PERCENTAGE OF FAMILIES AND PEOPLE WHOSE INCOME IN THE PAST 12 MONTHS IS BELOW THE POVERTY LEVEL!!All families!!Families with female householder, no spouse present!!With related children of the householder under 18 years",SELECTED ECONOMIC CHARACTERISTICS
DP03_0126P,"Percent!!PERCENTAGE OF FAMILIES AND PEOPLE WHOSE INCOME IN THE PAST 12 MONTHS IS BELOW THE POVERTY LEVEL!!All families!!Families with female householder, no spouse present!!With related children of the householder under 18 years",SELECTED ECONOMIC CHARACTERISTICS
DP03_0127,"Estimate!!PERCENTAGE OF FAMILIES AND PEOPLE WHOSE INCOME IN THE PAST 12 MONTHS IS BELOW THE POVERTY LEVEL!!All families!!Families with female householder, no spouse present!!With related children of the householder under 18 years!!With related children of the householder under 5 years only",SELECTED ECONOMIC CHARACTERISTICS
DP03_0127P,"Percent!!PERCENTAGE OF FAMILIES AND PEOPLE WHOSE INCOME IN THE PAST 12 MONTHS IS BELOW THE POVERTY LEVEL!!All families!!Families with female householder, no spouse present!!With related children of the householder under 18 years!!With related children of the householder under 5 years only",SELECTED ECONOMIC CHARACTERISTICS
DP03_0128,Estimate!!PERCENTAGE OF FAMILIES AND PEOPLE WHOSE INCOME IN THE PAST 12 MONTHS IS BELOW THE POVERTY LEVEL!!All people,SELECTED ECONOMIC CHARACTERISTICS
DP03_0128P,Percent!!PERCENTAGE OF FAMILIES AND PEOPLE WHOSE INCOME IN THE PAST 12 MONTHS IS BELOW THE POVERTY LEVEL!!All people,SELECTED ECONOMIC CHARACTERISTICS
DP03_0129,Estimate!!PERCENTAGE OF FAMILIES AND PEOPLE WHOSE INCOME IN THE PAST 12 MONTHS IS BELOW THE POVERTY LEVEL!!All people!!Under 18 years,SELECTED ECONOMIC CHARACTERISTICS
DP03_0129P,Percent!!PERCENTAGE OF FAMILIES AND PEOPLE WHOSE INCOME IN THE PAST 12 MONTHS IS BELOW THE POVERTY LEVEL!!All people!!Under 18 years,SELECTED ECONOMIC CHARACTERISTICS
DP03_0130,Estimate!!PERCENTAGE OF FAMILIES AND PEOPLE WHOSE INCOME IN THE PAST 12 MONTHS IS BELOW THE POVERTY LEVEL!!All people!!Under 18 years!!Related children of the householder under 18 years,SELECTED ECONOMIC CHARACTERISTICS
DP03_0130P,Percent!!PERCENTAGE OF FAMILIES AND PEOPLE WHOSE INCOME IN THE PAST 12 MONTHS IS BELOW THE POVERTY LEVEL!!All people!!Under 18 years!!Related children of the householder under 18 years,SELECTED ECONOMIC CHARACTERISTICS
DP03_0131,Estimate!!PERCENTAGE OF FAMILIES AND PEOPLE WHOSE INCOME IN THE PAST 12 MONTHS IS BELOW THE POVERTY LEVEL!!All people!!Under 18 years!!Related children of the householder under 18 years!!Related children of the householder under 5 years,SELECTED ECONOMIC CHARACTERISTICS
DP03_0131P,Percent!!PERCENTAGE OF FAMILIES AND PEOPLE WHOSE INCOME IN THE PAST 12 MONTHS IS BELOW THE POVERTY LEVEL!!All people!!Under 18 years!!Related children of the householder under 18 years!!Related children of the householder under 5 years,SELECTED ECONOMIC CHARACTERISTICS
DP03_0132,Estimate!!PERCENTAGE OF FAMILIES AND PEOPLE WHOSE INCOME IN THE PAST 12 MONTHS IS BELOW THE POVERTY LEVEL!!All people!!Under 18 years!!Related children of the householder under 18 years!!Related children of the householder 5 to 17 years,SELECTED ECONOMIC CHARACTERISTICS
DP03_0132P,Percent!!PERCENTAGE OF FAMILIES AND PEOPLE WHOSE INCOME IN THE PAST 12 MONTHS IS BELOW THE POVERTY LEVEL!!All people!!Under 18 years!!Related children of the householder under 18 years!!Related children of the householder 5 to 17 years,SELECTED ECONOMIC CHARACTERISTICS
DP03_0133,Estimate!!PERCENTAGE OF FAMILIES AND PEOPLE WHOSE INCOME IN THE PAST 12 MONTHS IS BELOW THE POVERTY LEVEL!!All people!!18 years and over,SELECTED ECONOMIC CHARACTERISTICS
DP03_0133P,Percent!!PERCENTAGE OF FAMILIES AND PEOPLE WHOSE INCOME IN THE PAST 12 MONTHS IS BELOW THE POVERTY LEVEL!!All people!!18 years and over,SELECTED ECONOMIC CHARACTERISTICS
DP03_0134,Estimate!!PERCENTAGE OF FAMILIES AND PEOPLE WHOSE INCOME IN THE PAST 12 MONTHS IS BELOW THE POVERTY LEVEL!!All people!!18 years and over!!18 to 64 years,SELECTED ECONOMIC CHARACTERISTICS
DP03_0134P,Percent!!PERCENTAGE OF FAMILIES AND PEOPLE WHOSE INCOME IN THE PAST 12 MONTHS IS BELOW THE POVERTY LEVEL!!All people!!18 years and over!!18 to 64 years,SELECTED ECONOMIC CHARACTERISTICS
DP03_0135,Estimate!!PERCENTAGE OF FAMILIES AND PEOPLE WHOSE INCOME IN THE PAST 12 MONTHS IS BELOW THE POVERTY LEVEL!!All people!!18 years and over!!65 years and over,SELECTED ECONOMIC CHARACTERISTICS
DP03_0135P,Percent!!PERCENTAGE OF FAMILIES AND PEOPLE WHOSE INCOME IN THE PAST 12 MONTHS IS BELOW THE POVERTY LEVEL!!All people!!18 years and over!!65 years and over,SELECTED ECONOMIC CHARACTERISTICS
DP03_0136,Estimate!!PERCENTAGE OF FAMILIES AND PEOPLE WHOSE INCOME IN THE PAST 12 MONTHS IS BELOW THE POVERTY LEVEL!!All people!!People in families,SELECTED ECONOMIC CHARACTERISTICS
DP03_0136P,Percent!!PERCENTAGE OF FAMILIES AND PEOPLE WHOSE INCOME IN THE PAST 12 MONTHS IS BELOW THE POVERTY LEVEL!!All people!!People in families,SELECTED ECONOMIC CHARACTERISTICS
DP03_0137,Estimate!!PERCENTAGE OF FAMILIES AND PEOPLE WHOSE INCOME IN THE PAST 12 MONTHS IS BELOW THE POVERTY LEVEL!!All people!!Unrelated individuals 15 years and over,SELECTED ECONOMIC CHARACTERISTICS
DP03_0137P,Percent!!PERCENTAGE OF FAMILIES AND PEOPLE WHOSE INCOME IN THE PAST 12 MONTHS IS BELOW THE POVERTY LEVEL!!All people!!Unrelated individuals 15 years and over,SELECTED ECONOMIC CHARACTERISTICS
DP04_0001,Estimate!!HOUSING OCCUPANCY!!Total housing units,SELECTED HOUSING CHARACTERISTICS
DP04_0001P,Percent!!HOUSING OCCUPANCY!!Total housing units,SELECTED HOUSING CHARACTERISTICS
DP04_0002,Estimate!!HOUSING OCCUPANCY!!Total housing units!!Occupied housing units,SELECTED HOUSING CHARACTERISTICS
DP04_0002P,Percent!!HOUSING OCCUPANCY!!Total housing units!!Occupied housing units,SELECTED HOUSING CHARACTERISTICS
DP04_0003,Estimate!!HOUSING OCCUPANCY!!Total housing units!!Vacant housing units,SELECTED HOUSING CHARACTERISTICS
DP04_0003P,Percent!!HOUSING OCCUPANCY!!Total housing units!!Vacant housing units,SELECTED HOUSING CHARACTERISTICS
DP04_0004,Estimate!!HOUSING OCCUPANCY!!Total housing units!!Homeowner vacancy rate,SELECTED HOUSING CHARACTERISTICS
DP04_0004P,Percent!!HOUSING OCCUPANCY!!Total housing units!!Homeowner vacancy rate,SELECTED HOUSING CHARACTERISTICS
DP04_0005,Estimate!!HOUSING OCCUPANCY!!Total housing units!!Rental vacancy rate,SELECTED HOUSING CHARACTERISTICS
DP04_0005P,Percent!!HOUSING OCCUPANCY!!Total housing units!!Rental vacancy rate,SELECTED HOUSING CHARACTERISTICS
DP04_0006,Estimate!!UNITS IN STRUCTURE!!Total housing units,SELECTED HOUSING CHARACTERISTICS
DP04_0006P,Percent!!UNITS IN STRUCTURE!!Total housing units,SELECTED HOUSING CHARACTERISTICS
DP04_0007,"Estimate!!UNITS IN STRUCTURE!!Total housing units!!1-unit, detached",SELECTED HOUSING CHARACTERISTICS
DP04_0007P,"Percent!!UNITS IN STRUCTURE!!Total housing units!!1-unit, detached",SELECTED HOUSING CHARACTERISTICS
DP04_0008,"Estimate!!UNITS IN STRUCTURE!!Total housing units!!1-unit, attached",SELECTED HOUSING CHARACTERISTICS
DP04_0008P,"Percent!!UNITS IN STRUCTURE!!Total housing units!!1-unit, attached",SELECTED HOUSING CHARACTERISTICS
DP04_0009,Estimate!!UNITS IN STRUCTURE!!Total housing units!!2 units,SELECTED HOUSING CHARACTERISTICS
DP04_0009P,Percent!!UNITS IN STRUCTURE!!Total housing units!!2 units,SELECTED HOUSING CHARACTERISTICS
DP04_0010,Estimate!!UNITS IN STRUCTURE!!Total housing units!!3 or 4 units,SELECTED HOUSING CHARACTERISTICS
DP04_0010P,Percent!!UNITS IN STRUCTURE!!Total housing units!!3 or 4 units,SELECTED HOUSING CHARACTERISTICS
DP04_0011,Estimate!!UNITS IN STRUCTURE!!Total housing units!!5 to 9 units,SELECTED HOUSING CHARACTERISTICS
DP04_0011P,Percent!!UNITS IN STRUCTURE!!Total housing units!!5 to 9 units,SELECTED HOUSING CHARACTERISTICS
DP04_0012,Estimate!!UNITS IN STRUCTURE!!Total housing units!!10 to 19 units,SELECTED HOUSING CHARACTERISTICS
DP04_0012P,Percent!!UNITS IN STRUCTURE!!Total housing units!!10 to 19 units,SELECTED HOUSING CHARACTERISTICS
DP04_0013,Estimate!!UNITS IN STRUCTURE!!Total housing units!!20 or more units,SELECTED HOUSING CHARACTERISTICS
DP04_0013P,Percent!!UNITS IN STRUCTURE!!Total housing units!!20 or more units,SELECTED HOUSING CHARACTERISTICS
DP04_0014,Estimate!!UNITS IN STRUCTURE!!Total housing units!!Mobile home,SELECTED HOUSING CHARACTERISTICS
DP04_0014P,Percent!!UNITS IN STRUCTURE!!Total housing units!!Mobile home,SELECTED HOUSING CHARACTERISTICS
DP04_0015,"Estimate!!UNITS IN STRUCTURE!!Total housing units!!Boat, RV, van, etc.",SELECTED HOUSING CHARACTERISTICS
DP04_0015P,"Percent!!UNITS IN STRUCTURE!!Total housing units!!Boat, RV, van, etc.",SELECTED HOUSING CHARACTERISTICS
DP04_0016,Estimate!!YEAR STRUCTURE BUILT!!Total housing units,SELECTED HOUSING CHARACTERISTICS
DP04_0016P,Percent!!YEAR STRUCTURE BUILT!!Total housing units,SELECTED HOUSING CHARACTERISTICS
DP04_0017,Estimate!!YEAR STRUCTURE BUILT!!Total housing units!!Built 2014 or later,SELECTED HOUSING CHARACTERISTICS
DP04_0017P,Percent!!YEAR STRUCTURE BUILT!!Total housing units!!Built 2014 or later,SELECTED HOUSING CHARACTERISTICS
DP04_0018,Estimate!!YEAR STRUCTURE BUILT!!Total housing units!!Built 2010 to 2013,SELECTED HOUSING CHARACTERISTICS
DP04_0018P,Percent!!YEAR STRUCTURE BUILT!!Total housing units!!Built 2010 to 2013,SELECTED HOUSING CHARACTERISTICS
DP04_0019,Estimate!!YEAR STRUCTURE BUILT!!Total housing units!!Built 2000 to 2009,SELECTED HOUSING CHARACTERISTICS
DP04_0019P,Percent!!YEAR STRUCTURE BUILT!!Total housing units!!Built 2000 to 2009,SELECTED HOUSING CHARACTERISTICS
DP04_0020,Estimate!!YEAR STRUCTURE BUILT!!Total housing units!!Built 1990 to 1999,SELECTED HOUSING CHARACTERISTICS
DP04_0020P,Percent!!YEAR STRUCTURE BUILT!!Total housing units!!Built 1990 to 1999,SELECTED HOUSING CHARACTERISTICS
DP04_0021,Estimate!!YEAR STRUCTURE BUILT!!Total housing units!!Built 1980 to 1989,SELECTED HOUSING CHARACTERISTICS
DP04_0021P,Percent!!YEAR STRUCTURE BUILT!!Total housing units!!Built 1980 to 1989,SELECTED HOUSING CHARACTERISTICS
DP04_0022,Estimate!!YEAR STRUCTURE BUILT!!Total housing units!!Built 1970 to 1979,SELECTED HOUSING CHARACTERISTICS
DP04_0022P,Percent!!YEAR STRUCTURE BUILT!!Total housing units!!Built 1970 to 1979,SELECTED HOUSING CHARACTERISTICS
DP04_0023,Estimate!!YEAR STRUCTURE BUILT!!Total housing units!!Built 1960 to 1969,SELECTED HOUSING CHARACTERISTICS
DP04_0023P,Percent!!YEAR STRUCTURE BUILT!!Total housing units!!Built 1960 to 1969,SELECTED HOUSING CHARACTERISTICS
DP04_0024,Estimate!!YEAR STRUCTURE BUILT!!Total housing units!!Built 1950 to 1959,SELECTED HOUSING CHARACTERISTICS
DP04_0024P,Percent!!YEAR STRUCTURE BUILT!!Total housing units!!Built 1950 to 1959,SELECTED HOUSING CHARACTERISTICS
DP04_0025,Estimate!!YEAR STRUCTURE BUILT!!Total housing units!!Built 1940 to 1949,SELECTED HOUSING CHARACTERISTICS
DP04_0025P,Percent!!YEAR STRUCTURE BUILT!!Total housing units!!Built 1940 to 1949,SELECTED HOUSING CHARACTERISTICS
DP04_0026,Estimate!!YEAR STRUCTURE BUILT!!Total housing units!!Built 1939 or earlier,SELECTED HOUSING CHARACTERISTICS
DP04_0026P,Percent!!YEAR STRUCTURE BUILT!!Total housing units!!Built 1939 or earlier,SELECTED HOUSING CHARACTERISTICS
DP04_0027,Estimate!!ROOMS!!Total housing units,SELECTED HOUSING CHARACTERISTICS
DP04_0027P,Percent!!ROOMS!!Total housing units,SELECTED HOUSING CHARACTERISTICS
DP04_0028,Estimate!!ROOMS!!Total housing units!!1 room,SELECTED HOUSING CHARACTERISTICS
DP04_0028P,Percent!!ROOMS!!Total housing units!!1 room,SELECTED HOUSING CHARACTERISTICS
DP04_0029,Estimate!!ROOMS!!Total housing units!!2 rooms,SELECTED HOUSING CHARACTERISTICS
DP04_0029P,Percent!!ROOMS!!Total housing units!!2 rooms,SELECTED HOUSING CHARACTERISTICS
DP04_0030,Estimate!!ROOMS!!Total housing units!!3 rooms,SELECTED HOUSING CHARACTERISTICS
DP04_0030P,Percent!!ROOMS!!Total housing units!!3 rooms,SELECTED HOUSING CHARACTERISTICS
DP04_0031,Estimate!!ROOMS!!Total housing units!!4 rooms,SELECTED HOUSING CHARACTERISTICS
DP04_0031P,Percent!!ROOMS!!Total housing units!!4 rooms,SELECTED HOUSING CHARACTERISTICS
DP04_0032,Estimate!!ROOMS!!Total housing units!!5 rooms,SELECTED HOUSING CHARACTERISTICS
DP04_0032P,Percent!!ROOMS!!Total housing units!!5 rooms,SELECTED HOUSING CHARACTERISTICS
DP04_0033,Estimate!!ROOMS!!Total housing units!!6 rooms,SELECTED HOUSING CHARACTERISTICS
DP04_0033P,Percent!!ROOMS!!Total housing units!!6 rooms,SELECTED HOUSING CHARACTERISTICS
DP04_0034,Estimate!!ROOMS!!Total housing units!!7 rooms,SELECTED HOUSING CHARACTERISTICS
DP04_0034P,Percent!!ROOMS!!Total housing units!!7 rooms,SELECTED HOUSING CHARACTERISTICS
DP04_0035,Estimate!!ROOMS!!Total housing units!!8 rooms,SELECTED HOUSING CHARACTERISTICS
DP04_0035P,Percent!!ROOMS!!Total housing units!!8 rooms,SELECTED HOUSING CHARACTERISTICS
DP04_0036,Estimate!!ROOMS!!Total housing units!!9 rooms or more,SELECTED HOUSING CHARACTERISTICS
DP04_0036P,Percent!!ROOMS!!Total housing units!!9 rooms or more,SELECTED HOUSING CHARACTERISTICS
DP04_0037,Estimate!!ROOMS!!Total housing units!!Median rooms,SELECTED HOUSING CHARACTERISTICS
DP04_0037P,Percent!!ROOMS!!Total housing units!!Median rooms,SELECTED HOUSING CHARACTERISTICS
DP04_0038,Estimate!!BEDROOMS!!Total housing units,SELECTED HOUSING CHARACTERISTICS
DP04_0038P,Percent!!BEDROOMS!!Total housing units,SELECTED HOUSING CHARACTERISTICS
DP04_0039,Estimate!!BEDROOMS!!Total housing units!!No bedroom,SELECTED HOUSING CHARACTERISTICS
DP04_0039P,Percent!!BEDROOMS!!Total housing units!!No bedroom,SELECTED HOUSING CHARACTERISTICS
DP04_0040,Estimate!!BEDROOMS!!Total housing units!!1 bedroom,SELECTED HOUSING CHARACTERISTICS
DP04_0040P,Percent!!BEDROOMS!!Total housing units!!1 bedroom,SELECTED HOUSING CHARACTERISTICS
DP04_0041,Estimate!!BEDROOMS!!Total housing units!!2 bedrooms,SELECTED HOUSING CHARACTERISTICS
DP04_0041P,Percent!!BEDROOMS!!Total housing units!!2 bedrooms,SELECTED HOUSING CHARACTERISTICS
DP04_0042,Estimate!!BEDROOMS!!Total housing units!!3 bedrooms,SELECTED HOUSING CHARACTERISTICS
DP04_0042P,Percent!!BEDROOMS!!Total housing units!!3 bedrooms,SELECTED HOUSING CHARACTERISTICS
DP04_0043,Estimate!!BEDROOMS!!Total housing units!!4 bedrooms,SELECTED HOUSING CHARACTERISTICS
DP04_0043P,Percent!!BEDROOMS!!Total housing units!!4 bedrooms,SELECTED HOUSING CHARACTERISTICS
DP04_0044,Estimate!!BEDROOMS!!Total housing units!!5 or more bedrooms,SELECTED HOUSING CHARACTERISTICS
DP04_0044P,Percent!!BEDROOMS!!Total housing units!!5 or more bedrooms,SELECTED HOUSING CHARACTERISTICS
DP04_0045,Estimate!!HOUSING TENURE!!Occupied housing units,SELECTED HOUSING CHARACTERISTICS
DP04_0045P,Percent!!HOUSING TENURE!!Occupied housing units,SELECTED HOUSING CHARACTERISTICS
DP04_0046,Estimate!!HOUSING TENURE!!Occupied housing units!!Owner-occupied,SELECTED HOUSING CHARACTERISTICS
DP04_0046P,Percent!!HOUSING TENURE!!Occupied housing units!!Owner-occupied,SELECTED HOUSING CHARACTERISTICS
DP04_0047,Estimate!!HOUSING TENURE!!Occupied housing units!!Renter-occupied,SELECTED HOUSING CHARACTERISTICS
DP04_0047P,Percent!!HOUSING TENURE!!Occupied housing units!!Renter-occupied,SELECTED HOUSING CHARACTERISTICS
DP04_0048,Estimate!!HOUSING TENURE!!Occupied housing units!!Average household size of owner-occupied unit,SELECTED HOUSING CHARACTERISTICS
DP04_0048P,Percent!!HOUSING TENURE!!Occupied housing units!!Average household size of owner-occupied unit,SELECTED HOUSING CHARACTERISTICS
DP04_0049,Estimate!!HOUSING TENURE!!Occupied housing units!!Average household size of renter-occupied unit,SELECTED HOUSING CHARACTERISTICS
DP04_0049P,Percent!!HOUSING TENURE!!Occupied housing units!!Average household size of renter-occupied unit,SELECTED HOUSING CHARACTERISTICS
DP04_0050,Estimate!!YEAR HOUSEHOLDER MOVED INTO UNIT!!Occupied housing units,SELECTED HOUSING CHARACTERISTICS
DP04_0050P,Percent!!YEAR HOUSEHOLDER MOVED INTO UNIT!!Occupied housing units,SELECTED HOUSING CHARACTERISTICS
DP04_0051,Estimate!!YEAR HOUSEHOLDER MOVED INTO UNIT!!Occupied housing units!!Moved in 2019 or later,SELECTED HOUSING CHARACTERISTICS
DP04_0051P,Percent!!YEAR HOUSEHOLDER MOVED INTO UNIT!!Occupied housing units!!Moved in 2019 or later,SELECTED HOUSING CHARACTERISTICS
DP04_0052,Estimate!!YEAR HOUSEHOLDER MOVED INTO UNIT!!Occupied housing units!!Moved in 2015 to 2018,SELECTED HOUSING CHARACTERISTICS
DP04_0052P,Percent!!YEAR HOUSEHOLDER MOVED INTO UNIT!!Occupied housing units!!Moved in 2015 to 2018,SELECTED HOUSING CHARACTERISTICS
DP04_0053,Estimate!!YEAR HOUSEHOLDER MOVED INTO UNIT!!Occupied housing units!!Moved in 2010 to 2014,SELECTED HOUSING CHARACTERISTICS
DP04_0053P,Percent!!YEAR HOUSEHOLDER MOVED INTO UNIT!!Occupied housing units!!Moved in 2010 to 2014,SELECTED HOUSING CHARACTERISTICS
DP04_0054,Estimate!!YEAR HOUSEHOLDER MOVED INTO UNIT!!Occupied housing units!!Moved in 2000 to 2009,SELECTED HOUSING CHARACTERISTICS
DP04_0054P,Percent!!YEAR HOUSEHOLDER MOVED INTO UNIT!!Occupied housing units!!Moved in 2000 to 2009,SELECTED HOUSING CHARACTERISTICS
DP04_0055,Estimate!!YEAR HOUSEHOLDER MOVED INTO UNIT!!Occupied housing units!!Moved in 1990 to 1999,SELECTED HOUSING CHARACTERISTICS
DP04_0055P,Percent!!YEAR HOUSEHOLDER MOVED INTO UNIT!!Occupied housing units!!Moved in 1990 to 1999,SELECTED HOUSING CHARACTERISTICS
DP04_0056,Estimate!!YEAR HOUSEHOLDER MOVED INTO UNIT!!Occupied housing units!!Moved in 1989 and earlier,SELECTED HOUSING CHARACTERISTICS
DP04_0056P,Percent!!YEAR HOUSEHOLDER MOVED INTO UNIT!!Occupied housing units!!Moved in 1989 and earlier,SELECTED HOUSING CHARACTERISTICS
DP04_0057,Estimate!!VEHICLES AVAILABLE!!Occupied housing units,SELECTED HOUSING CHARACTERISTICS
DP04_0057P,Percent!!VEHICLES AVAILABLE!!Occupied housing units,SELECTED HOUSING CHARACTERISTICS
DP04_0058,Estimate!!VEHICLES AVAILABLE!!Occupied housing units!!No vehicles available,SELECTED HOUSING CHARACTERISTICS
DP04_0058P,Percent!!VEHICLES AVAILABLE!!Occupied housing units!!No vehicles available,SELECTED HOUSING CHARACTERISTICS
DP04_0059,Estimate!!VEHICLES AVAILABLE!!Occupied housing units!!1 vehicle available,SELECTED HOUSING CHARACTERISTICS
DP04_0059P,Percent!!VEHICLES AVAILABLE!!Occupied housing units!!1 vehicle available,SELECTED HOUSING CHARACTERISTICS
DP04_0060,Estimate!!VEHICLES AVAILABLE!!Occupied housing units!!2 vehicles available,SELECTED HOUSING CHARACTERISTICS
DP04_0060P,Percent!!VEHICLES AVAILABLE!!Occupied housing units!!2 vehicles available,SELECTED HOUSING CHARACTERISTICS
DP04_0061,Estimate!!VEHICLES AVAILABLE!!Occupied housing units!!3 or more vehicles available,SELECTED HOUSING CHARACTERISTICS
DP04_0061P,Percent!!VEHICLES AVAILABLE!!Occupied housing units!!3 or more vehicles available,SELECTED HOUSING CHARACTERISTICS
DP04_0062,Estimate!!HOUSE HEATING FUEL!!Occupied housing units,SELECTED HOUSING CHARACTERISTICS
DP04_0062P,Percent!!HOUSE HEATING FUEL!!Occupied housing units,SELECTED HOUSING CHARACTERISTICS
DP04_0063,Estimate!!HOUSE HEATING FUEL!!Occupied housing units!!Utility gas,SELECTED HOUSING CHARACTERISTICS
DP04_0063P,Percent!!HOUSE HEATING FUEL!!Occupied housing units!!Utility gas,SELECTED HOUSING CHARACTERISTICS
DP04_0064,"Estimate!!HOUSE HEATING FUEL!!Occupied housing units!!Bottled, tank, or LP gas",SELECTED HOUSING CHARACTERISTICS
DP04_0064P,"Percent!!HOUSE HEATING FUEL!!Occupied housing units!!Bottled, tank, or LP gas",SELECTED HOUSING CHARACTERISTICS
DP04_0065,Estimate!!HOUSE HEATING FUEL!!Occupied housing units!!Electricity,SELECTED HOUSING CHARACTERISTICS
DP04_0065P,Percent!!HOUSE HEATING FUEL!!Occupied housing units!!Electricity,SELECTED HOUSING CHARACTERISTICS
DP04_0066,"Estimate!!HOUSE HEATING FUEL!!Occupied housing units!!Fuel oil, kerosene, etc.",SELECTED HOUSING CHARACTERISTICS
DP04_0066P,"Percent!!HOUSE HEATING FUEL!!Occupied housing units!!Fuel oil, kerosene, etc.",SELECTED HOUSING CHARACTERISTICS
DP04_0067,Estimate!!HOUSE HEATING FUEL!!Occupied housing units!!Coal or coke,SELECTED HOUSING CHARACTERISTICS
DP04_0067P,Percent!!HOUSE HEATING FUEL!!Occupied housing units!!Coal or coke,SELECTED HOUSING CHARACTERISTICS
DP04_0068,Estimate!!HOUSE HEATING FUEL!!Occupied housing units!!Wood,SELECTED HOUSING CHARACTERISTICS
DP04_0068P,Percent!!HOUSE HEATING FUEL!!Occupied housing units!!Wood,SELECTED HOUSING CHARACTERISTICS
DP04_0069,Estimate!!HOUSE HEATING FUEL!!Occupied housing units!!Solar energy,SELECTED HOUSING CHARACTERISTICS
DP04_0069P,Percent!!HOUSE HEATING FUEL!!Occupied housing units!!Solar energy,SELECTED HOUSING CHARACTERISTICS
DP04_0070,Estimate!!HOUSE HEATING FUEL!!Occupied housing units!!Other fuel,SELECTED HOUSING CHARACTERISTICS
DP04_0070P,Percent!!HOUSE HEATING FUEL!!Occupied housing units!!Other fuel,SELECTED HOUSING CHARACTERISTICS
DP04_0071,Estimate!!HOUSE HEATING FUEL!!Occupied housing units!!No fuel used,SELECTED HOUSING CHARACTERISTICS
DP04_0071P,Percent!!HOUSE HEATING FUEL!!Occupied housing units!!No fuel used,SELECTED HOUSING CHARACTERISTICS
DP04_0072,Estimate!!SELECTED CHARACTERISTICS!!Occupied housing units,SELECTED HOUSING CHARACTERISTICS
DP04_0072P,Percent!!SELECTED CHARACTERISTICS!!Occupied housing units,SELECTED HOUSING CHARACTERISTICS
DP04_0073,Estimate!!SELECTED CHARACTERISTICS!!Occupied housing units!!Lacking complete plumbing facilities,SELECTED HOUSING CHARACTERISTICS
DP04_0073P,Percent!!SELECTED CHARACTERISTICS!!Occupied housing units!!Lacking complete plumbing facilities,SELECTED HOUSING CHARACTERISTICS
DP04_0074,Estimate!!SELECTED CHARACTERISTICS!!Occupied housing units!!Lacking complete kitchen facilities,SELECTED HOUSING CHARACTERISTICS
DP04_0074P,Percent!!SELECTED CHARACTERISTICS!!Occupied housing units!!Lacking complete kitchen facilities,SELECTED HOUSING CHARACTERISTICS
DP04_0075,Estimate!!SELECTED CHARACTERISTICS!!Occupied housing units!!No telephone service available,SELECTED HOUSING CHARACTERISTICS
DP04_0075P,Percent!!SELECTED CHARACTERISTICS!!Occupied housing units!!No telephone service available,SELECTED HOUSING CHARACTERISTICS
DP04_0076,Estimate!!OCCUPANTS PER ROOM!!Occupied housing units,SELECTED HOUSING CHARACTERISTICS
DP04_0076P,Percent!!OCCUPANTS PER ROOM!!Occupied housing units,SELECTED HOUSING CHARACTERISTICS
DP04_0077,Estimate!!OCCUPANTS PER ROOM!!Occupied housing units!!1.00 or less,SELECTED HOUSING CHARACTERISTICS
DP04_0077P,Percent!!OCCUPANTS PER ROOM!!Occupied housing units!!1.00 or less,SELECTED HOUSING CHARACTERISTICS
DP04_0078,Estimate!!OCCUPANTS PER ROOM!!Occupied housing units!!1.01 to 1.50,SELECTED HOUSING CHARACTERISTICS
DP04_0078P,Percent!!OCCUPANTS PER ROOM!!Occupied housing units!!1.01 to 1.50,SELECTED HOUSING CHARACTERISTICS
DP04_0079,Estimate!!OCCUPANTS PER ROOM!!Occupied housing units!!1.51 or more,SELECTED HOUSING CHARACTERISTICS
DP04_0079P,Percent!!OCCUPANTS PER ROOM!!Occupied housing units!!1.51 or more,SELECTED HOUSING CHARACTERISTICS
DP04_0080,Estimate!!VALUE!!Owner-occupied units,SELECTED HOUSING CHARACTERISTICS
DP04_0080P,Percent!!VALUE!!Owner-occupied units,SELECTED HOUSING CHARACTERISTICS
DP04_0081,"Estimate!!VALUE!!Owner-occupied units!!Less than $50,000",SELECTED HOUSING CHARACTERISTICS
DP04_0081P,"Percent!!VALUE!!Owner-occupied units!!Less than $50,000",SELECTED HOUSING CHARACTERISTICS
DP04_0082,"Estimate!!VALUE!!Owner-occupied units!!$50,000 to $99,999",SELECTED HOUSING CHARACTERISTICS
DP04_0082P,"Percent!!VALUE!!Owner-occupied units!!$50,000 to $99,999",SELECTED HOUSING CHARACTERISTICS
DP04_0083,"Estimate!!VALUE!!Owner-occupied units!!$100,000 to $149,999",SELECTED HOUSING CHARACTERISTICS
DP04_0083P,"Percent!!VALUE!!Owner-occupied units!!$100,000 to $149,999",SELECTED HOUSING CHARACTERISTICS
DP04_0084,"Estimate!!VALUE!!Owner-occupied units!!$150,000 to $199,999",SELECTED HOUSING CHARACTERISTICS
DP04_0084P,"Percent!!VALUE!!Owner-occupied units!!$150,000 to $199,999",SELECTED HOUSING CHARACTERISTICS
DP04_0085,"Estimate!!VALUE!!Owner-occupied units!!$200,000 to $299,999",SELECTED HOUSING CHARACTERISTICS
DP04_0085P,"Percent!!VALUE!!Owner-occupied units!!$200,000 to $299,999",SELECTED HOUSING CHARACTERISTICS
DP04_0086,"Estimate!!VALUE!!Owner-occupied units!!$300,000 to $499,999",SELECTED HOUSING CHARACTERISTICS
DP04_0086P,"Percent!!VALUE!!Owner-occupied units!!$300,000 to $499,999",SELECTED HOUSING CHARACTERISTICS
DP04_0087,"Estimate!!VALUE!!Owner-occupied units!!$500,000 to $999,999",SELECTED HOUSING CHARACTERISTICS
DP04_0087P,"Percent!!VALUE!!Owner-occupied units!!$500,000 to $999,999",SELECTED HOUSING CHARACTERISTICS
DP04_0088,"Estimate!!VALUE!!Owner-occupied units!!$1,000,000 or more",SELECTED HOUSING CHARACTERISTICS
DP04_0088P,"Percent!!VALUE!!Owner-occupied units!!$1,000,000 or more",SELECTED HOUSING CHARACTERISTICS
DP04_0089,Estimate!!VALUE!!Owner-occupied units!!Median (dollars),SELECTED HOUSING CHARACTERISTICS
DP04_0089P,Percent!!VALUE!!Owner-occupied units!!Median (dollars),SELECTED HOUSING CHARACTERISTICS
DP04_0090,Estimate!!MORTGAGE STATUS!!Owner-occupied units,SELECTED HOUSING CHARACTERISTICS
DP04_0090P,Percent!!MORTGAGE STATUS!!Owner-occupied units,SELECTED HOUSING CHARACTERISTICS
DP04_0091,Estimate!!MORTGAGE STATUS!!Owner-occupied units!!Housing units with a mortgage,SELECTED HOUSING CHARACTERISTICS
DP04_0091P,Percent!!MORTGAGE STATUS!!Owner-occupied units!!Housing units with a mortgage,SELECTED HOUSING CHARACTERISTICS
DP04_0092,Estimate!!MORTGAGE STATUS!!Owner-occupied units!!Housing units without a mortgage,SELECTED HOUSING CHARACTERISTICS
DP04_0092P,Percent!!MORTGAGE STATUS!!Owner-occupied units!!Housing units without a mortgage,SELECTED HOUSING CHARACTERISTICS
DP04_0093,Estimate!!SELECTED MONTHLY OWNER COSTS (SMOC)!!Housing units with a mortgage,SELECTED HOUSING CHARACTERISTICS
DP04_0093P,Percent!!SELECTED MONTHLY OWNER COSTS (SMOC)!!Housing units with a mortgage,SELECTED HOUSING CHARACTERISTICS
DP04_0094,Estimate!!SELECTED MONTHLY OWNER COSTS (SMOC)!!Housing units with a mortgage!!Less than $500,SELECTED HOUSING CHARACTERISTICS
DP04_0094P,Percent!!SELECTED MONTHLY OWNER COSTS (SMOC)!!Housing units with a mortgage!!Less than $500,SELECTED HOUSING CHARACTERISTICS
DP04_0095,Estimate!!SELECTED MONTHLY OWNER COSTS (SMOC)!!Housing units with a mortgage!!$500 to $999,SELECTED HOUSING CHARACTERISTICS
DP04_0095P,Percent!!SELECTED MONTHLY OWNER COSTS (SMOC)!!Housing units with a mortgage!!$500 to $999,SELECTED HOUSING CHARACTERISTICS
DP04_0096,"Estimate!!SELECTED MONTHLY OWNER COSTS (SMOC)!!Housing units with a mortgage!!$1,000 to $1,499",SELECTED HOUSING CHARACTERISTICS
DP04_0096P,"Percent!!SELECTED MONTHLY OWNER COSTS (SMOC)!!Housing units with a mortgage!!$1,000 to $1,499",SELECTED HOUSING CHARACTERISTICS
DP04_0097,"Estimate!!SELECTED MONTHLY OWNER COSTS (SMOC)!!Housing units with a mortgage!!$1,500 to $1,999",SELECTED HOUSING CHARACTERISTICS
DP04_0097P,"Percent!!SELECTED MONTHLY OWNER COSTS (SMOC)!!Housing units with a mortgage!!$1,500 to $1,999",SELECTED HOUSING CHARACTERISTICS
DP04_0098,"Estimate!!SELECTED MONTHLY OWNER COSTS (SMOC)!!Housing units with a mortgage!!$2,000 to $2,499",SELECTED HOUSING CHARACTERISTICS
DP04_0098P,"Percent!!SELECTED MONTHLY OWNER COSTS (SMOC)!!Housing units with a mortgage!!$2,000 to $2,499",SELECTED HOUSING CHARACTERISTICS
DP04_0099,"Estimate!!SELECTED MONTHLY OWNER COSTS (SMOC)!!Housing units with a mortgage!!$2,500 to $2,999",SELECTED HOUSING CHARACTERISTICS
DP04_0099P,"Percent!!SELECTED MONTHLY OWNER COSTS (SMOC)!!Housing units with a mortgage!!$2,500 to $2,999",SELECTED HOUSING CHARACTERISTICS
DP04_0100,"Estimate!!SELECTED MONTHLY OWNER COSTS (SMOC)!!Housing units with a mortgage!!$3,000 or more",SELECTED HOUSING CHARACTERISTICS
DP04_0100P,"Percent!!SELECTED MONTHLY OWNER COSTS (SMOC)!!Housing units with a mortgage!!$3,000 or more",SELECTED HOUSING CHARACTERISTICS
DP04_0101,Estimate!!SELECTED MONTHLY OWNER COSTS (SMOC)!!Housing units with a mortgage!!Median (dollars),SELECTED HOUSING CHARACTERISTICS
DP04_0101P,Percent!!SELECTED MONTHLY OWNER COSTS (SMOC)!!Housing units with a mortgage!!Median (dollars),SELECTED HOUSING CHARACTERISTICS
DP04_0102,Estimate!!SELECTED MONTHLY OWNER COSTS (SMOC)!!Housing units without a mortgage,SELECTED HOUSING CHARACTERISTICS
DP04_0102P,Percent!!SELECTED MONTHLY OWNER COSTS (SMOC)!!Housing units without a mortgage,SELECTED HOUSING CHARACTERISTICS
DP04_0103,Estimate!!SELECTED MONTHLY OWNER COSTS (SMOC)!!Housing units without a mortgage!!Less than $250,SELECTED HOUSING CHARACTERISTICS
DP04_0103P,Percent!!SELECTED MONTHLY OWNER COSTS (SMOC)!!Housing units without a mortgage!!Less than $250,SELECTED HOUSING CHARACTERISTICS
DP04_0104,Estimate!!SELECTED MONTHLY OWNER COSTS (SMOC)!!Housing units without a mortgage!!$250 to $399,SELECTED HOUSING CHARACTERISTICS
DP04_0104P,Percent!!SELECTED MONTHLY OWNER COSTS (SMOC)!!Housing units without a mortgage!!$250 to $399,SELECTED HOUSING CHARACTERISTICS
DP04_0105,Estimate!!SELECTED MONTHLY OWNER COSTS (SMOC)!!Housing units without a mortgage!!$400 to $599,SELECTED HOUSING CHARACTERISTICS
DP04_0105P,Percent!!SELECTED MONTHLY OWNER COSTS (SMOC)!!Housing units without a mortgage!!$400 to $599,SELECTED HOUSING CHARACTERISTICS
DP04_0106,Estimate!!SELECTED MONTHLY OWNER COSTS (SMOC)!!Housing units without a mortgage!!$600 to $799,SELECTED HOUSING CHARACTERISTICS
DP04_0106P,Percent!!SELECTED MONTHLY OWNER COSTS (SMOC)!!Housing units without a mortgage!!$600 to $799,SELECTED HOUSING CHARACTERISTICS
DP04_0107,Estimate!!SELECTED MONTHLY OWNER COSTS (SMOC)!!Housing units without a mortgage!!$800 to $999,SELECTED HOUSING CHARACTERISTICS
DP04_0107P,Percent!!SELECTED MONTHLY OWNER COSTS (SMOC)!!Housing units without a mortgage!!$800 to $999,SELECTED HOUSING CHARACTERISTICS
DP04_0108,"Estimate!!SELECTED MONTHLY OWNER COSTS (SMOC)!!Housing units without a mortgage!!$1,000 or more",SELECTED HOUSING CHARACTERISTICS
DP04_0108P,"Percent!!SELECTED MONTHLY OWNER COSTS (SMOC)!!Housing units without a mortgage!!$1,000 or more",SELECTED HOUSING CHARACTERISTICS
DP04_0109,Estimate!!SELECTED MONTHLY OWNER COSTS (SMOC)!!Housing units without a mortgage!!Median (dollars),SELECTED HOUSING CHARACTERISTICS
DP04_0109P,Percent!!SELECTED MONTHLY OWNER COSTS (SMOC)!!Housing units without a mortgage!!Median (dollars),SELECTED HOUSING CHARACTERISTICS
DP04_0110,Estimate!!SELECTED MONTHLY OWNER COSTS AS A PERCENTAGE OF HOUSEHOLD INCOME (SMOCAPI)!!Housing units with a mortgage (excluding units where SMOCAPI cannot be computed),SELECTED HOUSING CHARACTERISTICS
DP04_0110P,Percent!!SELECTED MONTHLY OWNER COSTS AS A PERCENTAGE OF HOUSEHOLD INCOME (SMOCAPI)!!Housing units with a mortgage (excluding units where SMOCAPI cannot be computed),SELECTED HOUSING CHARACTERISTICS
DP04_0111,Estimate!!SELECTED MONTHLY OWNER COSTS AS A PERCENTAGE OF HOUSEHOLD INCOME (SMOCAPI)!!Housing units with a mortgage (excluding units where SMOCAPI cannot be computed)!!Less than 20.0 percent,SELECTED HOUSING CHARACTERISTICS
DP04_0111P,Percent!!SELECTED MONTHLY OWNER COSTS AS A PERCENTAGE OF HOUSEHOLD INCOME (SMOCAPI)!!Housing units with a mortgage (excluding units where SMOCAPI cannot be computed)!!Less than 20.0 percent,SELECTED HOUSING CHARACTERISTICS
DP04_0112,Estimate!!SELECTED MONTHLY OWNER COSTS AS A PERCENTAGE OF HOUSEHOLD INCOME (SMOCAPI)!!Housing units with a mortgage (excluding units where SMOCAPI cannot be computed)!!20.0 to 24.9 percent,SELECTED HOUSING CHARACTERISTICS
DP04_0112P,Percent!!SELECTED MONTHLY OWNER COSTS AS A PERCENTAGE OF HOUSEHOLD INCOME (SMOCAPI)!!Housing units with a mortgage (excluding units where SMOCAPI cannot be computed)!!20.0 to 24.9 percent,SELECTED HOUSING CHARACTERISTICS
DP04_0113,Estimate!!SELECTED MONTHLY OWNER COSTS AS A PERCENTAGE OF HOUSEHOLD INCOME (SMOCAPI)!!Housing units with a mortgage (excluding units where SMOCAPI cannot be computed)!!25.0 to 29.9 percent,SELECTED HOUSING CHARACTERISTICS
DP04_0113P,Percent!!SELECTED MONTHLY OWNER COSTS AS A PERCENTAGE OF HOUSEHOLD INCOME (SMOCAPI)!!Housing units with a mortgage (excluding units where SMOCAPI cannot be computed)!!25.0 to 29.9 percent,SELECTED HOUSING CHARACTERISTICS
DP04_0114,Estimate!!SELECTED MONTHLY OWNER COSTS AS A PERCENTAGE OF HOUSEHOLD INCOME (SMOCAPI)!!Housing units with a mortgage (excluding units where SMOCAPI cannot be computed)!!30.0 to 34.9 percent,SELECTED HOUSING CHARACTERISTICS
DP04_0114P,Percent!!SELECTED MONTHLY OWNER COSTS AS A PERCENTAGE OF HOUSEHOLD INCOME (SMOCAPI)!!Housing units with a mortgage (excluding units where SMOCAPI cannot be computed)!!30.0 to 34.9 percent,SELECTED HOUSING CHARACTERISTICS
DP04_0115,Estimate!!SELECTED MONTHLY OWNER COSTS AS A PERCENTAGE OF HOUSEHOLD INCOME (SMOCAPI)!!Housing units with a mortgage (excluding units where SMOCAPI cannot be computed)!!35.0 percent or more,SELECTED HOUSING CHARACTERISTICS
DP04_0115P,Percent!!SELECTED MONTHLY OWNER COSTS AS A PERCENTAGE OF HOUSEHOLD INCOME (SMOCAPI)!!Housing units with a mortgage (excluding units where SMOCAPI cannot be computed)!!35.0 percent or more,SELECTED HOUSING CHARACTERISTICS
DP04_0116,Estimate!!SELECTED MONTHLY OWNER COSTS AS A PERCENTAGE OF HOUSEHOLD INCOME (SMOCAPI)!!Housing units with a mortgage (excluding units where SMOCAPI cannot be computed)!!Not computed,SELECTED HOUSING CHARACTERISTICS
DP04_0116P,Percent!!SELECTED MONTHLY OWNER COSTS AS A PERCENTAGE OF HOUSEHOLD INCOME (SMOCAPI)!!Housing units with a mortgage (excluding units where SMOCAPI cannot be computed)!!Not computed,SELECTED HOUSING CHARACTERISTICS
DP04_0117,Estimate!!SELECTED MONTHLY OWNER COSTS AS A PERCENTAGE OF HOUSEHOLD INCOME (SMOCAPI)!!Housing unit without a mortgage (excluding units where SMOCAPI cannot be computed),SELECTED HOUSING CHARACTERISTICS
DP04_0117P,Percent!!SELECTED MONTHLY OWNER COSTS AS A PERCENTAGE OF HOUSEHOLD INCOME (SMOCAPI)!!Housing unit without a mortgage (excluding units where SMOCAPI cannot be computed),SELECTED HOUSING CHARACTERISTICS
DP04_0118,Estimate!!SELECTED MONTHLY OWNER COSTS AS A PERCENTAGE OF HOUSEHOLD INCOME (SMOCAPI)!!Housing unit without a mortgage (excluding units where SMOCAPI cannot be computed)!!Less than 10.0 percent,SELECTED HOUSING CHARACTERISTICS
DP04_0118P,Percent!!SELECTED MONTHLY OWNER COSTS AS A PERCENTAGE OF HOUSEHOLD INCOME (SMOCAPI)!!Housing unit without a mortgage (excluding units where SMOCAPI cannot be computed)!!Less than 10.0 percent,SELECTED HOUSING CHARACTERISTICS
DP04_0119,Estimate!!SELECTED MONTHLY OWNER COSTS AS A PERCENTAGE OF HOUSEHOLD INCOME (SMOCAPI)!!Housing unit without a mortgage (excluding units where SMOCAPI cannot be computed)!!10.0 to 14.9 percent,SELECTED HOUSING CHARACTERISTICS
DP04_0119P,Percent!!SELECTED MONTHLY OWNER COSTS AS A PERCENTAGE OF HOUSEHOLD INCOME (SMOCAPI)!!Housing unit without a mortgage (excluding units where SMOCAPI cannot be computed)!!10.0 to 14.9 percent,SELECTED HOUSING CHARACTERISTICS
DP04_0120,Estimate!!SELECTED MONTHLY OWNER COSTS AS A PERCENTAGE OF HOUSEHOLD INCOME (SMOCAPI)!!Housing unit without a mortgage (excluding units where SMOCAPI cannot be computed)!!15.0 to 19.9 percent,SELECTED HOUSING CHARACTERISTICS
DP04_0120P,Percent!!SELECTED MONTHLY OWNER COSTS AS A PERCENTAGE OF HOUSEHOLD INCOME (SMOCAPI)!!Housing unit without a mortgage (excluding units where SMOCAPI cannot be computed)!!15.0 to 19.9 percent,SELECTED HOUSING CHARACTERISTICS
DP04_0121,Estimate!!SELECTED MONTHLY OWNER COSTS AS A PERCENTAGE OF HOUSEHOLD INCOME (SMOCAPI)!!Housing unit without a mortgage (excluding units where SMOCAPI cannot be computed)!!20.0 to 24.9 percent,SELECTED HOUSING CHARACTERISTICS
DP04_0121P,Percent!!SELECTED MONTHLY OWNER COSTS AS A PERCENTAGE OF HOUSEHOLD INCOME (SMOCAPI)!!Housing unit without a mortgage (excluding units where SMOCAPI cannot be computed)!!20.0 to 24.9 percent,SELECTED HOUSING CHARACTERISTICS
DP04_0122,Estimate!!SELECTED MONTHLY OWNER COSTS AS A PERCENTAGE OF HOUSEHOLD INCOME (SMOCAPI)!!Housing unit without a mortgage (excluding units where SMOCAPI cannot be computed)!!25.0 to 29.9 percent,SELECTED HOUSING CHARACTERISTICS
DP04_0122P,Percent!!SELECTED MONTHLY OWNER COSTS AS A PERCENTAGE OF HOUSEHOLD INCOME (SMOCAPI)!!Housing unit without a mortgage (excluding units where SMOCAPI cannot be computed)!!25.0 to 29.9 percent,SELECTED HOUSING CHARACTERISTICS
DP04_0123,Estimate!!SELECTED MONTHLY OWNER COSTS AS A PERCENTAGE OF HOUSEHOLD INCOME (SMOCAPI)!!Housing unit without a mortgage (excluding units where SMOCAPI cannot be computed)!!30.0 to 34.9 percent,SELECTED HOUSING CHARACTERISTICS
DP04_0123P,Percent!!SELECTED MONTHLY OWNER COSTS AS A PERCENTAGE OF HOUSEHOLD INCOME (SMOCAPI)!!Housing unit without a mortgage (excluding units where SMOCAPI cannot be computed)!!30.0 to 34.9 percent,SELECTED HOUSING CHARACTERISTICS
DP04_0124,Estimate!!SELECTED MONTHLY OWNER COSTS AS A PERCENTAGE OF HOUSEHOLD INCOME (SMOCAPI)!!Housing unit without a mortgage (excluding units where SMOCAPI cannot be computed)!!35.0 percent or more,SELECTED HOUSING CHARACTERISTICS
DP04_0124P,Percent!!SELECTED MONTHLY OWNER COSTS AS A PERCENTAGE OF HOUSEHOLD INCOME (SMOCAPI)!!Housing unit without a mortgage (excluding units where SMOCAPI cannot be computed)!!35.0 percent or more,SELECTED HOUSING CHARACTERISTICS
DP04_0125,Estimate!!SELECTED MONTHLY OWNER COSTS AS A PERCENTAGE OF HOUSEHOLD INCOME (SMOCAPI)!!Housing unit without a mortgage (excluding units where SMOCAPI cannot be computed)!!Not computed,SELECTED HOUSING CHARACTERISTICS
DP04_0125P,Percent!!SELECTED MONTHLY OWNER COSTS AS A PERCENTAGE OF HOUSEHOLD INCOME (SMOCAPI)!!Housing unit without a mortgage (excluding units where SMOCAPI cannot be computed)!!Not computed,SELECTED HOUSING CHARACTERISTICS
DP04_0126,Estimate!!GROSS RENT!!Occupied units paying rent,SELECTED HOUSING CHARACTERISTICS
DP04_0126P,Percent!!GROSS RENT!!Occupied units paying rent,SELECTED HOUSING CHARACTERISTICS
DP04_0127,Estimate!!GROSS RENT!!Occupied units paying rent!!Less than $500,SELECTED HOUSING CHARACTERISTICS
DP04_0127P,Percent!!GROSS RENT!!Occupied units paying rent!!Less than $500,SELECTED HOUSING CHARACTERISTICS
DP04_0128,Estimate!!GROSS RENT!!Occupied units paying rent!!$500 to $999,SELECTED HOUSING CHARACTERISTICS
DP04_0128P,Percent!!GROSS RENT!!Occupied units paying rent!!$500 to $999,SELECTED HOUSING CHARACTERISTICS
DP04_0129,"Estimate!!GROSS RENT!!Occupied units paying rent!!$1,000 to $1,499",SELECTED HOUSING CHARACTERISTICS
DP04_0129P,"Percent!!GROSS RENT!!Occupied units paying rent!!$1,000 to $1,499",SELECTED HOUSING CHARACTERISTICS
DP04_0130,"Estimate!!GROSS RENT!!Occupied units paying rent!!$1,500 to $1,999",SELECTED HOUSING CHARACTERISTICS
DP04_0130P,"Percent!!GROSS RENT!!Occupied units paying rent!!$1,500 to $1,999",SELECTED HOUSING CHARACTERISTICS
DP04_0131,"Estimate!!GROSS RENT!!Occupied units paying rent!!$2,000 to $2,499",SELECTED HOUSING CHARACTERISTICS
DP04_0131P,"Percent!!GROSS RENT!!Occupied units paying rent!!$2,000 to $2,499",SELECTED HOUSING CHARACTERISTICS
DP04_0132,"Estimate!!GROSS RENT!!Occupied units paying rent!!$2,500 to $2,999",SELECTED HOUSING CHARACTERISTICS
DP04_0132P,"Percent!!GROSS RENT!!Occupied units paying rent!!$2,500 to $2,999",SELECTED HOUSING CHARACTERISTICS
DP04_0133,"Estimate!!GROSS RENT!!Occupied units paying rent!!$3,000 or more",SELECTED HOUSING CHARACTERISTICS
DP04_0133P,"Percent!!GROSS RENT!!Occupied units paying rent!!$3,000 or more",SELECTED HOUSING CHARACTERISTICS
DP04_0134,Estimate!!GROSS RENT!!Occupied units paying rent!!Median (dollars),SELECTED HOUSING CHARACTERISTICS
DP04_0134P,Percent!!GROSS RENT!!Occupied units paying rent!!Median (dollars),SELECTED HOUSING CHARACTERISTICS
DP04_0135,Estimate!!GROSS RENT!!Occupied units paying rent!!No rent paid,SELECTED HOUSING CHARACTERISTICS
DP04_0135P,Percent!!GROSS RENT!!Occupied units paying rent!!No rent paid,SELECTED HOUSING CHARACTERISTICS
DP04_0136,Estimate!!GROSS RENT AS A PERCENTAGE OF HOUSEHOLD INCOME (GRAPI)!!Occupied units paying rent (excluding units where GRAPI cannot be computed),SELECTED HOUSING CHARACTERISTICS
DP04_0136P,Percent!!GROSS RENT AS A PERCENTAGE OF HOUSEHOLD INCOME (GRAPI)!!Occupied units paying rent (excluding units where GRAPI cannot be computed),SELECTED HOUSING CHARACTERISTICS
DP04_0137,Estimate!!GROSS RENT AS A PERCENTAGE OF HOUSEHOLD INCOME (GRAPI)!!Occupied units paying rent (excluding units where GRAPI cannot be computed)!!Less than 15.0 percent,SELECTED HOUSING CHARACTERISTICS
DP04_0137P,Percent!!GROSS RENT AS A PERCENTAGE OF HOUSEHOLD INCOME (GRAPI)!!Occupied units paying rent (excluding units where GRAPI cannot be computed)!!Less than 15.0 percent,SELECTED HOUSING CHARACTERISTICS
DP04_0138,Estimate!!GROSS RENT AS A PERCENTAGE OF HOUSEHOLD INCOME (GRAPI)!!Occupied units paying rent (excluding units where GRAPI cannot be computed)!!15.0 to 19.9 percent,SELECTED HOUSING CHARACTERISTICS
DP04_0138P,Percent!!GROSS RENT AS A PERCENTAGE OF HOUSEHOLD INCOME (GRAPI)!!Occupied units paying rent (excluding units where GRAPI cannot be computed)!!15.0 to 19.9 percent,SELECTED HOUSING CHARACTERISTICS
DP04_0139,Estimate!!GROSS RENT AS A PERCENTAGE OF HOUSEHOLD INCOME (GRAPI)!!Occupied units paying rent (excluding units where GRAPI cannot be computed)!!20.0 to 24.9 percent,SELECTED HOUSING CHARACTERISTICS
DP04_0139P,Percent!!GROSS RENT AS A PERCENTAGE OF HOUSEHOLD INCOME (GRAPI)!!Occupied units paying rent (excluding units where GRAPI cannot be computed)!!20.0 to 24.9 percent,SELECTED HOUSING CHARACTERISTICS
DP04_0140,Estimate!!GROSS RENT AS A PERCENTAGE OF HOUSEHOLD INCOME (GRAPI)!!Occupied units paying rent (excluding units where GRAPI cannot be computed)!!25.0 to 29.9 percent,SELECTED HOUSING CHARACTERISTICS
DP04_0140P,Percent!!GROSS RENT AS A PERCENTAGE OF HOUSEHOLD INCOME (GRAPI)!!Occupied units paying rent (excluding units where GRAPI cannot be computed)!!25.0 to 29.9 percent,SELECTED HOUSING CHARACTERISTICS
DP04_0141,Estimate!!GROSS RENT AS A PERCENTAGE OF HOUSEHOLD INCOME (GRAPI)!!Occupied units paying rent (excluding units where GRAPI cannot be computed)!!30.0 to 34.9 percent,SELECTED HOUSING CHARACTERISTICS
DP04_0141P,Percent!!GROSS RENT AS A PERCENTAGE OF HOUSEHOLD INCOME (GRAPI)!!Occupied units paying rent (excluding units where GRAPI cannot be computed)!!30.0 to 34.9 percent,SELECTED HOUSING CHARACTERISTICS
DP04_0142,Estimate!!GROSS RENT AS A PERCENTAGE OF HOUSEHOLD INCOME (GRAPI)!!Occupied units paying rent (excluding units where GRAPI cannot be computed)!!35.0 percent or more,SELECTED HOUSING CHARACTERISTICS
DP04_0142P,Percent!!GROSS RENT AS A PERCENTAGE OF HOUSEHOLD INCOME (GRAPI)!!Occupied units paying rent (excluding units where GRAPI cannot be computed)!!35.0 percent or more,SELECTED HOUSING CHARACTERISTICS
DP04_0143,Estimate!!GROSS RENT AS A PERCENTAGE OF HOUSEHOLD INCOME (GRAPI)!!Occupied units paying rent (excluding units where GRAPI cannot be computed)!!Not computed,SELECTED HOUSING CHARACTERISTICS
DP04_0143P,Percent!!GROSS RENT AS A PERCENTAGE OF HOUSEHOLD INCOME (GRAPI)!!Occupied units paying rent (excluding units where GRAPI cannot be computed)!!Not computed,SELECTED HOUSING CHARACTERISTICS
DP05_0001,Estimate!!SEX AND AGE!!Total population,ACS DEMOGRAPHIC AND HOUSING ESTIMATES
DP05_0001P,Percent!!SEX AND AGE!!Total population,ACS DEMOGRAPHIC AND HOUSING ESTIMATES
DP05_0002,Estimate!!SEX AND AGE!!Total population!!Male,ACS DEMOGRAPHIC AND HOUSING ESTIMATES
DP05_0002P,Percent!!SEX AND AGE!!Total population!!Male,ACS DEMOGRAPHIC AND HOUSING ESTIMATES
DP05_0003,Estimate!!SEX AND AGE!!Total population!!Female,ACS DEMOGRAPHIC AND HOUSING ESTIMATES
DP05_0003P,Percent!!SEX AND AGE!!Total population!!Female,ACS DEMOGRAPHIC AND HOUSING ESTIMATES
DP05_0004,Estimate!!SEX AND AGE!!Total population!!Sex ratio (males per 100 females),ACS DEMOGRAPHIC AND HOUSING ESTIMATES
DP05_0004P,Percent!!SEX AND AGE!!Total population!!Sex ratio (males per 100 females),ACS DEMOGRAPHIC AND HOUSING ESTIMATES
DP05_0005,Estimate!!SEX AND AGE!!Total population!!Under 5 years,ACS DEMOGRAPHIC AND HOUSING ESTIMATES
DP05_0005P,Percent!!SEX AND AGE!!Total population!!Under 5 years,ACS DEMOGRAPHIC AND HOUSING ESTIMATES
DP05_0006,Estimate!!SEX AND AGE!!Total population!!5 to 9 years,ACS DEMOGRAPHIC AND HOUSING ESTIMATES
DP05_0006P,Percent!!SEX AND AGE!!Total population!!5 to 9 years,ACS DEMOGRAPHIC AND HOUSING ESTIMATES
DP05_0007,Estimate!!SEX AND AGE!!Total population!!10 to 14 years,ACS DEMOGRAPHIC AND HOUSING ESTIMATES
DP05_0007P,Percent!!SEX AND AGE!!Total population!!10 to 14 years,ACS DEMOGRAPHIC AND HOUSING ESTIMATES
DP05_0008,Estimate!!SEX AND AGE!!Total population!!15 to 19 years,ACS DEMOGRAPHIC AND HOUSING ESTIMATES
DP05_0008P,Percent!!SEX AND AGE!!Total population!!15 to 19 years,ACS DEMOGRAPHIC AND HOUSING ESTIMATES
DP05_0009,Estimate!!SEX AND AGE!!Total population!!20 to 24 years,ACS DEMOGRAPHIC AND HOUSING ESTIMATES
DP05_0009P,Percent!!SEX AND AGE!!Total population!!20 to 24 years,ACS DEMOGRAPHIC AND HOUSING ESTIMATES
DP05_0010,Estimate!!SEX AND AGE!!Total population!!25 to 34 years,ACS DEMOGRAPHIC AND HOUSING ESTIMATES
DP05_0010P,Percent!!SEX AND AGE!!Total population!!25 to 34 years,ACS DEMOGRAPHIC AND HOUSING ESTIMATES
DP05_0011,Estimate!!SEX AND AGE!!Total population!!35 to 44 years,ACS DEMOGRAPHIC AND HOUSING ESTIMATES
DP05_0011P,Percent!!SEX AND AGE!!Total population!!35 to 44 years,ACS DEMOGRAPHIC AND HOUSING ESTIMATES
DP05_0012,Estimate!!SEX AND AGE!!Total population!!45 to 54 years,ACS DEMOGRAPHIC AND HOUSING ESTIMATES
DP05_0012P,Percent!!SEX AND AGE!!Total population!!45 to 54 years,ACS DEMOGRAPHIC AND HOUSING ESTIMATES
DP05_0013,Estimate!!SEX AND AGE!!Total population!!55 to 59 years,ACS DEMOGRAPHIC AND HOUSING ESTIMATES
DP05_0013P,Percent!!SEX AND AGE!!Total population!!55 to 59 years,ACS DEMOGRAPHIC AND HOUSING ESTIMATES
DP05_0014,Estimate!!SEX AND AGE!!Total population!!60 to 64 years,ACS DEMOGRAPHIC AND HOUSING ESTIMATES
DP05_0014P,Percent!!SEX AND AGE!!Total population!!60 to 64 years,ACS DEMOGRAPHIC AND HOUSING ESTIMATES
DP05_0015,Estimate!!SEX AND AGE!!Total population!!65 to 74 years,ACS DEMOGRAPHIC AND HOUSING ESTIMATES
DP05_0015P,Percent!!SEX AND AGE!!Total population!!65 to 74 years,ACS DEMOGRAPHIC AND HOUSING ESTIMATES
DP05_0016,Estimate!!SEX AND AGE!!Total population!!75 to 84 years,ACS DEMOGRAPHIC AND HOUSING ESTIMATES
DP05_0016P,Percent!!SEX AND AGE!!Total population!!75 to 84 years,ACS DEMOGRAPHIC AND HOUSING ESTIMATES
DP05_0017,Estimate!!SEX AND AGE!!Total population!!85 years and over,ACS DEMOGRAPHIC AND HOUSING ESTIMATES
DP05_0017P,Percent!!SEX AND AGE!!Total population!!85 years and over,ACS DEMOGRAPHIC AND HOUSING ESTIMATES
DP05_0018,Estimate!!SEX AND AGE!!Total population!!Median age (years),ACS DEMOGRAPHIC AND HOUSING ESTIMATES
DP05_0018P,Percent!!SEX AND AGE!!Total population!!Median age (years),ACS DEMOGRAPHIC AND HOUSING ESTIMATES
DP05_0019,Estimate!!SEX AND AGE!!Total population!!Under 18 years,ACS DEMOGRAPHIC AND HOUSING ESTIMATES
DP05_0019P,Percent!!SEX AND AGE!!Total population!!Under 18 years,ACS DEMOGRAPHIC AND HOUSING ESTIMATES
DP05_0020,Estimate!!SEX AND AGE!!Total population!!16 years and over,ACS DEMOGRAPHIC AND HOUSING ESTIMATES
DP05_0020P,Percent!!SEX AND AGE!!Total population!!16 years and over,ACS DEMOGRAPHIC AND HOUSING ESTIMATES
DP05_0021,Estimate!!SEX AND AGE!!Total population!!18 years and over,ACS DEMOGRAPHIC AND HOUSING ESTIMATES
DP05_0021P,Percent!!SEX AND AGE!!Total population!!18 years and over,ACS DEMOGRAPHIC AND HOUSING ESTIMATES
DP05_0022,Estimate!!SEX AND AGE!!Total population!!21 years and over,ACS DEMOGRAPHIC AND HOUSING ESTIMATES
DP05_0022P,Percent!!SEX AND AGE!!Total population!!21 years and over,ACS DEMOGRAPHIC AND HOUSING ESTIMATES
DP05_0023,Estimate!!SEX AND AGE!!Total population!!62 years and over,ACS DEMOGRAPHIC AND HOUSING ESTIMATES
DP05_0023P,Percent!!SEX AND AGE!!Total population!!62 years and over,ACS DEMOGRAPHIC AND HOUSING ESTIMATES
DP05_0024,Estimate!!SEX AND AGE!!Total population!!65 years and over,ACS DEMOGRAPHIC AND HOUSING ESTIMATES
DP05_0024P,Percent!!SEX AND AGE!!Total population!!65 years and over,ACS DEMOGRAPHIC AND HOUSING ESTIMATES
DP05_0025,Estimate!!SEX AND AGE!!Total population!!18 years and over,ACS DEMOGRAPHIC AND HOUSING ESTIMATES
DP05_0025P,Percent!!SEX AND AGE!!Total population!!18 years and over,ACS DEMOGRAPHIC AND HOUSING ESTIMATES
DP05_0026,Estimate!!SEX AND AGE!!Total population!!18 years and over!!Male,ACS DEMOGRAPHIC AND HOUSING ESTIMATES
DP05_0026P,Percent!!SEX AND AGE!!Total population!!18 years and over!!Male,ACS DEMOGRAPHIC AND HOUSING ESTIMATES
DP05_0027,Estimate!!SEX AND AGE!!Total population!!18 years and over!!Female,ACS DEMOGRAPHIC AND HOUSING ESTIMATES
DP05_0027P,Percent!!SEX AND AGE!!Total population!!18 years and over!!Female,ACS DEMOGRAPHIC AND HOUSING ESTIMATES
DP05_0028,Estimate!!SEX AND AGE!!Total population!!18 years and over!!Sex ratio (males per 100 females),ACS DEMOGRAPHIC AND HOUSING ESTIMATES
DP05_0028P,Percent!!SEX AND AGE!!Total population!!18 years and over!!Sex ratio (males per 100 females),ACS DEMOGRAPHIC AND HOUSING ESTIMATES
DP05_0029,Estimate!!SEX AND AGE!!Total population!!65 years and over,ACS DEMOGRAPHIC AND HOUSING ESTIMATES
DP05_0029P,Percent!!SEX AND AGE!!Total population!!65 years and over,ACS DEMOGRAPHIC AND HOUSING ESTIMATES
DP05_0030,Estimate!!SEX AND AGE!!Total population!!65 years and over!!Male,ACS DEMOGRAPHIC AND HOUSING ESTIMATES
DP05_0030P,Percent!!SEX AND AGE!!Total population!!65 years and over!!Male,ACS DEMOGRAPHIC AND HOUSING ESTIMATES
DP05_0031,Estimate!!SEX AND AGE!!Total population!!65 years and over!!Female,ACS DEMOGRAPHIC AND HOUSING ESTIMATES
DP05_0031P,Percent!!SEX AND AGE!!Total population!!65 years and over!!Female,ACS DEMOGRAPHIC AND HOUSING ESTIMATES
DP05_0032,Estimate!!SEX AND AGE!!Total population!!65 years and over!!Sex ratio (males per 100 females),ACS DEMOGRAPHIC AND HOUSING ESTIMATES
DP05_0032P,Percent!!SEX AND AGE!!Total population!!65 years and over!!Sex ratio (males per 100 females),ACS DEMOGRAPHIC AND HOUSING ESTIMATES
DP05_0033,Estimate!!RACE!!Total population,ACS DEMOGRAPHIC AND HOUSING ESTIMATES
DP05_0033P,Percent!!RACE!!Total population,ACS DEMOGRAPHIC AND HOUSING ESTIMATES
DP05_0034,Estimate!!RACE!!Total population!!One race,ACS DEMOGRAPHIC AND HOUSING ESTIMATES
DP05_0034P,Percent!!RACE!!Total population!!One race,ACS DEMOGRAPHIC AND HOUSING ESTIMATES
DP05_0035,Estimate!!RACE!!Total population!!Two or more races,ACS DEMOGRAPHIC AND HOUSING ESTIMATES
DP05_0035P,Percent!!RACE!!Total population!!Two or more races,ACS DEMOGRAPHIC AND HOUSING ESTIMATES
DP05_0036,Estimate!!RACE!!Total population!!One race,ACS DEMOGRAPHIC AND HOUSING ESTIMATES
DP05_0036P,Percent!!RACE!!Total population!!One race,ACS DEMOGRAPHIC AND HOUSING ESTIMATES
DP05_0037,Estimate!!RACE!!Total population!!One race!!White,ACS DEMOGRAPHIC AND HOUSING ESTIMATES
DP05_0037P,Percent!!RACE!!Total population!!One race!!White,ACS DEMOGRAPHIC AND HOUSING ESTIMATES
DP05_0038,Estimate!!RACE!!Total population!!One race!!Black or African American,ACS DEMOGRAPHIC AND HOUSING ESTIMATES
DP05_0038P,Percent!!RACE!!Total population!!One race!!Black or African American,ACS DEMOGRAPHIC AND HOUSING ESTIMATES
DP05_0039,Estimate!!RACE!!Total population!!One race!!American Indian and Alaska Native,ACS DEMOGRAPHIC AND HOUSING ESTIMATES
DP05_0039P,Percent!!RACE!!Total population!!One race!!American Indian and Alaska Native,ACS DEMOGRAPHIC AND HOUSING ESTIMATES
DP05_0040,Estimate!!RACE!!Total population!!One race!!American Indian and Alaska Native!!Cherokee tribal grouping,ACS DEMOGRAPHIC AND HOUSING ESTIMATES
DP05_0040P,Percent!!RACE!!Total population!!One race!!American Indian and Alaska Native!!Cherokee tribal grouping,ACS DEMOGRAPHIC AND HOUSING ESTIMATES
DP05_0041,Estimate!!RACE!!Total population!!One race!!American Indian and Alaska Native!!Chippewa tribal grouping,ACS DEMOGRAPHIC AND HOUSING ESTIMATES
DP05_0041P,Percent!!RACE!!Total population!!One race!!American Indian and Alaska Native!!Chippewa tribal grouping,ACS DEMOGRAPHIC AND HOUSING ESTIMATES
DP05_0042,Estimate!!RACE!!Total population!!One race!!American Indian and Alaska Native!!Navajo tribal grouping,ACS DEMOGRAPHIC AND HOUSING ESTIMATES
DP05_0042P,Percent!!RACE!!Total population!!One race!!American Indian and Alaska Native!!Navajo tribal grouping,ACS DEMOGRAPHIC AND HOUSING ESTIMATES
DP05_0043,Estimate!!RACE!!Total population!!One race!!American Indian and Alaska Native!!Sioux tribal grouping,ACS DEMOGRAPHIC AND HOUSING ESTIMATES
DP05_0043P,Percent!!RACE!!Total population!!One race!!American Indian and Alaska Native!!Sioux tribal grouping,ACS DEMOGRAPHIC AND HOUSING ESTIMATES
DP05_0044,Estimate!!RACE!!Total population!!One race!!Asian,ACS DEMOGRAPHIC AND HOUSING ESTIMATES
DP05_0044P,Percent!!RACE!!Total population!!One race!!Asian,ACS DEMOGRAPHIC AND HOUSING ESTIMATES
DP05_0045,Estimate!!RACE!!Total population!!One race!!Asian!!Asian Indian,ACS DEMOGRAPHIC AND HOUSING ESTIMATES
DP05_0045P,Percent!!RACE!!Total population!!One race!!Asian!!Asian Indian,ACS DEMOGRAPHIC AND HOUSING ESTIMATES
DP05_0046,Estimate!!RACE!!Total population!!One race!!Asian!!Chinese,ACS DEMOGRAPHIC AND HOUSING ESTIMATES
DP05_0046P,Percent!!RACE!!Total population!!One race!!Asian!!Chinese,ACS DEMOGRAPHIC AND HOUSING ESTIMATES
DP05_0047,Estimate!!RACE!!Total population!!One race!!Asian!!Filipino,ACS DEMOGRAPHIC AND HOUSING ESTIMATES
DP05_0047P,Percent!!RACE!!Total population!!One race!!Asian!!Filipino,ACS DEMOGRAPHIC AND HOUSING ESTIMATES
DP05_0048,Estimate!!RACE!!Total population!!One race!!Asian!!Japanese,ACS DEMOGRAPHIC AND HOUSING ESTIMATES
DP05_0048P,Percent!!RACE!!Total population!!One race!!Asian!!Japanese,ACS DEMOGRAPHIC AND HOUSING ESTIMATES
DP05_0049,Estimate!!RACE!!Total population!!One race!!Asian!!Korean,ACS DEMOGRAPHIC AND HOUSING ESTIMATES
DP05_0049P,Percent!!RACE!!Total population!!One race!!Asian!!Korean,ACS DEMOGRAPHIC AND HOUSING ESTIMATES
DP05_0050,Estimate!!RACE!!Total population!!One race!!Asian!!Vietnamese,ACS DEMOGRAPHIC AND HOUSING ESTIMATES
DP05_0050P,Percent!!RACE!!Total population!!One race!!Asian!!Vietnamese,ACS DEMOGRAPHIC AND HOUSING ESTIMATES
DP05_0051,Estimate!!RACE!!Total population!!One race!!Asian!!Other Asian,ACS DEMOGRAPHIC AND HOUSING ESTIMATES
DP05_0051P,Percent!!RACE!!Total population!!One race!!Asian!!Other Asian,ACS DEMOGRAPHIC AND HOUSING ESTIMATES
DP05_0052,Estimate!!RACE!!Total population!!One race!!Native Hawaiian and Other Pacific Islander,ACS DEMOGRAPHIC AND HOUSING ESTIMATES
DP05_0052P,Percent!!RACE!!Total population!!One race!!Native Hawaiian and Other Pacific Islander,ACS DEMOGRAPHIC AND HOUSING ESTIMATES
DP05_0053,Estimate!!RACE!!Total population!!One race!!Native Hawaiian and Other Pacific Islander!!Native Hawaiian,ACS DEMOGRAPHIC AND HOUSING ESTIMATES
DP05_0053P,Percent!!RACE!!Total population!!One race!!Native Hawaiian and Other Pacific Islander!!Native Hawaiian,ACS DEMOGRAPHIC AND HOUSING ESTIMATES
DP05_0054,Estimate!!RACE!!Total population!!One race!!Native Hawaiian and Other Pacific Islander!!Chamorro,ACS DEMOGRAPHIC AND HOUSING ESTIMATES
DP05_0054P,Percent!!RACE!!Total population!!One race!!Native Hawaiian and Other Pacific Islander!!Chamorro,ACS DEMOGRAPHIC AND HOUSING ESTIMATES
DP05_0055,Estimate!!RACE!!Total population!!One race!!Native Hawaiian and Other Pacific Islander!!Samoan,ACS DEMOGRAPHIC AND HOUSING ESTIMATES
DP05_0055P,Percent!!RACE!!Total population!!One race!!Native Hawaiian and Other Pacific Islander!!Samoan,ACS DEMOGRAPHIC AND HOUSING ESTIMATES
DP05_0056,Estimate!!RACE!!Total population!!One race!!Native Hawaiian and Other Pacific Islander!!Other Pacific Islander,ACS DEMOGRAPHIC AND HOUSING ESTIMATES
DP05_0056P,Percent!!RACE!!Total population!!One race!!Native Hawaiian and Other Pacific Islander!!Other Pacific Islander,ACS DEMOGRAPHIC AND HOUSING ESTIMATES
DP05_0057,Estimate!!RACE!!Total population!!One race!!Some other race,ACS DEMOGRAPHIC AND HOUSING ESTIMATES
DP05_0057P,Percent!!RACE!!Total population!!One race!!Some other race,ACS DEMOGRAPHIC AND HOUSING ESTIMATES
DP05_0058,Estimate!!RACE!!Total population!!Two or more races,ACS DEMOGRAPHIC AND HOUSING ESTIMATES
DP05_0058P,Percent!!RACE!!Total population!!Two or more races,ACS DEMOGRAPHIC AND HOUSING ESTIMATES
DP05_0059,Estimate!!RACE!!Total population!!Two or more races!!White and Black or African American,ACS DEMOGRAPHIC AND HOUSING ESTIMATES
DP05_0059P,Percent!!RACE!!Total population!!Two or more races!!White and Black or African American,ACS DEMOGRAPHIC AND HOUSING ESTIMATES
DP05_0060,Estimate!!RACE!!Total population!!Two or more races!!White and American Indian and Alaska Native,ACS DEMOGRAPHIC AND HOUSING ESTIMATES
DP05_0060P,Percent!!RACE!!Total population!!Two or more races!!White and American Indian and Alaska Native,ACS DEMOGRAPHIC AND HOUSING ESTIMATES
DP05_0061,Estimate!!RACE!!Total population!!Two or more races!!White and Asian,ACS DEMOGRAPHIC AND HOUSING ESTIMATES
DP05_0061P,Percent!!RACE!!Total population!!Two or more races!!White and Asian,ACS DEMOGRAPHIC AND HOUSING ESTIMATES
DP05_0062,Estimate!!RACE!!Total population!!Two or more races!!Black or African American and American Indian and Alaska Native,ACS DEMOGRAPHIC AND HOUSING ESTIMATES
DP05_0062P,Percent!!RACE!!Total population!!Two or more races!!Black or African American and American Indian and Alaska Native,ACS DEMOGRAPHIC AND HOUSING ESTIMATES
DP05_0063,Estimate!!Race alone or in combination with one or more other races!!Total population,ACS DEMOGRAPHIC AND HOUSING ESTIMATES
DP05_0063P,Percent!!Race alone or in combination with one or more other races!!Total population,ACS DEMOGRAPHIC AND HOUSING ESTIMATES
DP05_0064,Estimate!!Race alone or in combination with one or more other races!!Total population!!White,ACS DEMOGRAPHIC AND HOUSING ESTIMATES
DP05_0064P,Percent!!Race alone or in combination with one or more other races!!Total population!!White,ACS DEMOGRAPHIC AND HOUSING ESTIMATES
DP05_0065,Estimate!!Race alone or in combination with one or more other races!!Total population!!Black or African American,ACS DEMOGRAPHIC AND HOUSING ESTIMATES
DP05_0065P,Percent!!Race alone or in combination with one or more other races!!Total population!!Black or African American,ACS DEMOGRAPHIC AND HOUSING ESTIMATES
DP05_0066,Estimate!!Race alone or in combination with one or more other races!!Total population!!American Indian and Alaska Native,ACS DEMOGRAPHIC AND HOUSING ESTIMATES
DP05_0066P,Percent!!Race alone or in combination with one or more other races!!Total population!!American Indian and Alaska Native,ACS DEMOGRAPHIC AND HOUSING ESTIMATES
DP05_0067,Estimate!!Race alone or in combination with one or more other races!!Total population!!Asian,ACS DEMOGRAPHIC AND HOUSING ESTIMATES
DP05_0067P,Percent!!Race alone or in combination with one or more other races!!Total population!!Asian,ACS DEMOGRAPHIC AND HOUSING ESTIMATES
DP05_0068,Estimate!!Race alone or in combination with one or more other races!!Total population!!Native Hawaiian and Other Pacific Islander,ACS DEMOGRAPHIC AND HOUSING ESTIMATES
DP05_0068P,Percent!!Race alone or in combination with one or more other races!!Total population!!Native Hawaiian and Other Pacific Islander,ACS DEMOGRAPHIC AND HOUSING ESTIMATES
DP05_0069,Estimate!!Race alone or in combination with one or more other races!!Total population!!Some other race,ACS DEMOGRAPHIC AND HOUSING ESTIMATES
DP05_0069P,Percent!!Race alone or in combination with one or more other races!!Total population!!Some other race,ACS DEMOGRAPHIC AND HOUSING ESTIMATES
DP05_0070,Estimate!!HISPANIC OR LATINO AND RACE!!Total population,ACS DEMOGRAPHIC AND HOUSING ESTIMATES
DP05_0070P,Percent!!HISPANIC OR LATINO AND RACE!!Total population,ACS DEMOGRAPHIC AND HOUSING ESTIMATES
DP05_0071,Estimate!!HISPANIC OR LATINO AND RACE!!Total population!!Hispanic or Latino (of any race),ACS DEMOGRAPHIC AND HOUSING ESTIMATES
DP05_0071P,Percent!!HISPANIC OR LATINO AND RACE!!Total population!!Hispanic or Latino (of any race),ACS DEMOGRAPHIC AND HOUSING ESTIMATES
DP05_0072,Estimate!!HISPANIC OR LATINO AND RACE!!Total population!!Hispanic or Latino (of any race)!!Mexican,ACS DEMOGRAPHIC AND HOUSING ESTIMATES
DP05_0072P,Percent!!HISPANIC OR LATINO AND RACE!!Total population!!Hispanic or Latino (of any race)!!Mexican,ACS DEMOGRAPHIC AND HOUSING ESTIMATES
DP05_0073,Estimate!!HISPANIC OR LATINO AND RACE!!Total population!!Hispanic or Latino (of any race)!!Puerto Rican,ACS DEMOGRAPHIC AND HOUSING ESTIMATES
DP05_0073P,Percent!!HISPANIC OR LATINO AND RACE!!Total population!!Hispanic or Latino (of any race)!!Puerto Rican,ACS DEMOGRAPHIC AND HOUSING ESTIMATES
DP05_0074,Estimate!!HISPANIC OR LATINO AND RACE!!Total population!!Hispanic or Latino (of any race)!!Cuban,ACS DEMOGRAPHIC AND HOUSING ESTIMATES
DP05_0074P,Percent!!HISPANIC OR LATINO AND RACE!!Total population!!Hispanic or Latino (of any race)!!Cuban,ACS DEMOGRAPHIC AND HOUSING ESTIMATES
DP05_0075,Estimate!!HISPANIC OR LATINO AND RACE!!Total population!!Hispanic or Latino (of any race)!!Other Hispanic or Latino,ACS DEMOGRAPHIC AND HOUSING ESTIMATES
DP05_0075P,Percent!!HISPANIC OR LATINO AND RACE!!Total population!!Hispanic or Latino (of any race)!!Other Hispanic or Latino,ACS DEMOGRAPHIC AND HOUSING ESTIMATES
DP05_0076,Estimate!!HISPANIC OR LATINO AND RACE!!Total population!!Not Hispanic or Latino,ACS DEMOGRAPHIC AND HOUSING ESTIMATES
DP05_0076P,Percent!!HISPANIC OR LATINO AND RACE!!Total population!!Not Hispanic or Latino,ACS DEMOGRAPHIC AND HOUSING ESTIMATES
DP05_0077,Estimate!!HISPANIC OR LATINO AND RACE!!Total population!!Not Hispanic or Latino!!White alone,ACS DEMOGRAPHIC AND HOUSING ESTIMATES
DP05_0077P,Percent!!HISPANIC OR LATINO AND RACE!!Total population!!Not Hispanic or Latino!!White alone,ACS DEMOGRAPHIC AND HOUSING ESTIMATES
DP05_0078,Estimate!!HISPANIC OR LATINO AND RACE!!Total population!!Not Hispanic or Latino!!Black or African American alone,ACS DEMOGRAPHIC AND HOUSING ESTIMATES
DP05_0078P,Percent!!HISPANIC OR LATINO AND RACE!!Total population!!Not Hispanic or Latino!!Black or African American alone,ACS DEMOGRAPHIC AND HOUSING ESTIMATES
DP05_0079,Estimate!!HISPANIC OR LATINO AND RACE!!Total population!!Not Hispanic or Latino!!American Indian and Alaska Native alone,ACS DEMOGRAPHIC AND HOUSING ESTIMATES
DP05_0079P,Percent!!HISPANIC OR LATINO AND RACE!!Total population!!Not Hispanic or Latino!!American Indian and Alaska Native alone,ACS DEMOGRAPHIC AND HOUSING ESTIMATES
DP05_0080,Estimate!!HISPANIC OR LATINO AND RACE!!Total population!!Not Hispanic or Latino!!Asian alone,ACS DEMOGRAPHIC AND HOUSING ESTIMATES
DP05_0080P,Percent!!HISPANIC OR LATINO AND RACE!!Total population!!Not Hispanic or Latino!!Asian alone,ACS DEMOGRAPHIC AND HOUSING ESTIMATES
DP05_0081,Estimate!!HISPANIC OR LATINO AND RACE!!Total population!!Not Hispanic or Latino!!Native Hawaiian and Other Pacific Islander alone,ACS DEMOGRAPHIC AND HOUSING ESTIMATES
DP05_0081P,Percent!!HISPANIC OR LATINO AND RACE!!Total population!!Not Hispanic or Latino!!Native Hawaiian and Other Pacific Islander alone,ACS DEMOGRAPHIC AND HOUSING ESTIMATES
DP05_0082,Estimate!!HISPANIC OR LATINO AND RACE!!Total population!!Not Hispanic or Latino!!Some other race alone,ACS DEMOGRAPHIC AND HOUSING ESTIMATES
DP05_0082P,Percent!!HISPANIC OR LATINO AND RACE!!Total population!!Not Hispanic or Latino!!Some other race alone,ACS DEMOGRAPHIC AND HOUSING ESTIMATES
DP05_0083,Estimate!!HISPANIC OR LATINO AND RACE!!Total population!!Not Hispanic or Latino!!Two or more races,ACS DEMOGRAPHIC AND HOUSING ESTIMATES
DP05_0083P,Percent!!HISPANIC OR LATINO AND RACE!!Total population!!Not Hispanic or Latino!!Two or more races,ACS DEMOGRAPHIC AND HOUSING ESTIMATES
DP05_0084,Estimate!!HISPANIC OR LATINO AND RACE!!Total population!!Not Hispanic or Latino!!Two or more races!!Two races including Some other race,ACS DEMOGRAPHIC AND HOUSING ESTIMATES
DP05_0084P,Percent!!HISPANIC OR LATINO AND RACE!!Total population!!Not Hispanic or Latino!!Two or more races!!Two races including Some other race,ACS DEMOGRAPHIC AND HOUSING ESTIMATES
DP05_0085,"Estimate!!HISPANIC OR LATINO AND RACE!!Total population!!Not Hispanic or Latino!!Two or more races!!Two races excluding Some other race, and Three or more races",ACS DEMOGRAPHIC AND HOUSING ESTIMATES
DP05_0085P,"Percent!!HISPANIC OR LATINO AND RACE!!Total population!!Not Hispanic or Latino!!Two or more races!!Two races excluding Some other race, and Three or more races",ACS DEMOGRAPHIC AND HOUSING ESTIMATES
DP05_0086,Estimate!!Total housing units,ACS DEMOGRAPHIC AND HOUSING ESTIMATES
DP05_0086P,Percent!!Total housing units,ACS DEMOGRAPHIC AND HOUSING ESTIMATES
DP05_0087,"Estimate!!CITIZEN, VOTING AGE POPULATION!!Citizen, 18 and over population",ACS DEMOGRAPHIC AND HOUSING ESTIMATES
DP05_0087P,"Percent!!CITIZEN, VOTING AGE POPULATION!!Citizen, 18 and over population",ACS DEMOGRAPHIC AND HOUSING ESTIMATES
DP05_0088,"Estimate!!CITIZEN, VOTING AGE POPULATION!!Citizen, 18 and over population!!Male",ACS DEMOGRAPHIC AND HOUSING ESTIMATES
DP05_0088P,"Percent!!CITIZEN, VOTING AGE POPULATION!!Citizen, 18 and over population!!Male",ACS DEMOGRAPHIC AND HOUSING ESTIMATES
DP05_0089,"Estimate!!CITIZEN, VOTING AGE POPULATION!!Citizen, 18 and over population!!Female",ACS DEMOGRAPHIC AND HOUSING ESTIMATES
DP05_0089P,"Percent!!CITIZEN, VOTING AGE POPULATION!!Citizen, 18 and over population!!Female",ACS DEMOGRAPHIC AND HOUSING ESTIMATES
